-- DO NOT MODIFY THIS FILE

INSERT INTO Person VALUES
  (1001001000, 'Amy', '100 W. Main Street'),
  (2002002000, 'Ben', '101 W. Main Street'),
  (3003003000, 'Coy', '200 S. Duke Street'),
  (4004004000, 'Dan', '300 N. Duke Street'),
  (5005005000, 'Eve', '100 W. Main Street'),
  (6006006000, 'Flo', '160 9th Street'),
  (7007007000, 'Gus', '170 9th Street'),
  (8008008000, 'Haf', '810 Academy Road'),
  (9009009000, 'Ian', '920 Academy Road');

INSERT INTO Broker VALUES
  (2002002000, '9191001002', 6006006000),
  (4004004000, '9191001004', 6006006000),
  (6006006000, '9191001006', 7007007000),
  (7007007000, '9191001007', NULL),
  (9009009000, '9191001009', 7007007000);

INSERT INTO Account VALUES
  (100, 4004004000),
  (300, 4004004000),
  (500, 6006006000),
  (800, 9009009000),
  (150, 6006006000),
  (138, 4004004000);

INSERT INTO Owns VALUES
  (1001001000, 100),
  (3003003000, 300),
  (5005005000, 500),
  (8008008000, 800),
  (1001001000, 150),
  (5005005000, 150),
  (1001001000, 138),
  (3003003000, 138),
  (8008008000, 138);

INSERT INTO Stock VALUES
  ('AAPL', 226.41),
  ('GOOGL', 1182.14),
  ('XOM', 82.32);

INSERT INTO Holds VALUES
  (100, 'AAPL', 11.00),
  (300, 'GOOGL', 3.33),
  (500, 'XOM', 500.00),
  (800, 'GOOGL', 8.00),
  (800, 'XOM', 800.00),
  (150, 'AAPL', 15.00),
  (150, 'GOOGL', 15.00),
  (138, 'AAPL', 100.00),
  (138, 'GOOGL', 3.00),
  (138, 'XOM', 80.00);

INSERT INTO Trade VALUES
  (100, 1, 'buy', '2018-01-11 11:00:00', 'AAPL', 9.00, 201.00),
  (100, 2, 'sell', '2018-01-21 12:00:00', 'AAPL', 5.00, 202.00),
  (100, 3, 'buy', '2018-01-31 13:00:00', 'AAPL', 6.00, 203.00),

  (300, 1, 'buy', '2017-12-15 09:00:00', 'GOOGL', 3.33, 1000.00),

  (500, 1, 'sell', '2018-05-01 11:00:00', 'XOM', 200.00, 91.00),
  (500, 2, 'buy', '2018-05-02 12:00:00', 'XOM', 300.00, 81.00),

  (800, 1, 'buy', '2017-12-16 11:00:00', 'GOOGL', 8.00, 1001.00),
  (800, 2, 'buy', '2018-08-31 12:00:00', 'XOM', 800.00, 82.00),

  (150, 1, 'sell', '2018-05-01 11:00:00', 'AAPL', 5.00, 231.00),
  (150, 2, 'buy', '2018-05-12 14:15:30', 'GOOGL', 15.00, 912.00),

  (138, 1, 'buy', '2018-03-08 11:01:00', 'AAPL', 100.00, 201.00),
  (138, 2, 'buy', '2018-03-08 11:02:00', 'GOOGL', 3.00, 1002.00),
  (138, 3, 'buy', '2018-03-08 11:03:00', 'XOM', 100.00, 83.00),
  (138, 4, 'sell', '2018-08-08 14:04:00', 'XOM', 20.00, 84.00);
