21997,1056506,2013 Fall Term
21997,1056506,2014 Fall Term
22632,1056506,2014 Summer Term 2
22632,2168180,2015 Summer Term 2
22632,228928,2016 Summer Term 2
22632,1676816,2017 Summer Term 2
22632,1676816,2018 Summer Term 2
23529,557251,2018 Spring Term
23529,557251,2019 Spring Term
7884,402973,2013 Spring Term
7884,268806,2014 Spring Term
7884,402973,2014 Fall Term
7884,268806,2015 Spring Term
7884,268806,2016 Spring Term
7884,268806,2017 Spring Term
7884,402973,2017 Fall Term
7884,402973,2018 Fall Term
7862,228086,2012 Fall Term
7862,228086,2013 Fall Term
7862,228086,2016 Fall Term
7862,228831,2017 Fall Term
7862,228831,2018 Fall Term
25053,227876,2018 Spring Term
25053,227876,2019 Spring Term
7880,1029962,2012 Summer Term 1
7880,227251,2012 Fall Term
7880,227251,2013 Spring Term
7880,1029962,2013 Summer Term 1
7880,227251,2013 Fall Term
7880,807761,2014 Spring Term
7880,1029962,2014 Summer Term 1
7880,557254,2014 Fall Term
7880,807761,2015 Spring Term
7880,1029962,2015 Summer Term 1
7880,557254,2015 Fall Term
7880,227251,2016 Spring Term
7880,1029962,2016 Summer Term 1
7880,557254,2016 Fall Term
7880,227251,2017 Spring Term
7880,1029962,2017 Summer Term 1
7880,399698,2017 Fall Term
7880,227251,2018 Spring Term
7880,227553,2018 Summer Term 1
7880,399698,2018 Fall Term
7880,227251,2019 Spring Term
21469,1356143,2012 Fall Term
21469,227251,2013 Summer Term 1
21469,1356143,2013 Fall Term
21469,227251,2014 Summer Term 1
21469,1356143,2014 Fall Term
21469,227251,2015 Summer Term 1
21469,1356143,2015 Fall Term
21469,227251,2016 Summer Term 1
21469,1785488,2016 Fall Term
21469,227251,2017 Summer Term 1
21469,1785488,2017 Fall Term
21469,227251,2018 Summer Term 1
21469,1785488,2018 Fall Term
7882,227553,2012 Summer Term 2
7882,557251,2012 Fall Term
7882,228363,2013 Spring Term
7882,1038285,2013 Summer Term 1
7882,227553,2013 Summer Term 2
7882,557251,2013 Fall Term
7882,227650,2014 Spring Term
7882,1038285,2014 Summer Term 1
7882,227553,2014 Summer Term 2
7882,557251,2014 Fall Term
7882,227650,2015 Spring Term
7882,1038285,2015 Summer Term 1
7882,227553,2015 Summer Term 2
7882,228928,2015 Fall Term
7882,807761,2016 Spring Term
7882,1038285,2016 Summer Term 1
7882,227553,2016 Summer Term 2
7882,227251,2016 Fall Term
7882,807761,2017 Spring Term
7882,1029962,2017 Summer Term 1
7882,227553,2017 Summer Term 2
7882,227876,2017 Fall Term
7882,807761,2018 Spring Term
7882,1029962,2018 Summer Term 1
7882,227553,2018 Summer Term 2
7882,227876,2018 Fall Term
7882,557254,2019 Spring Term
21470,227251,2013 Summer Term 2
21470,227251,2014 Summer Term 2
21470,227251,2015 Summer Term 2
21470,227251,2016 Summer Term 2
21470,227251,2017 Summer Term 2
21470,227251,2018 Summer Term 2
15768,227169,2013 Spring Term
15768,227711,2014 Spring Term
15768,227711,2015 Spring Term
15768,227711,2016 Spring Term
15768,1029962,2017 Spring Term
15768,227251,2017 Fall Term
15768,1029962,2018 Spring Term
15768,1029962,2019 Spring Term
16068,268806,2012 Fall Term
16068,402963,2013 Fall Term
16068,2168180,2014 Fall Term
16068,2168180,2015 Fall Term
16068,2168180,2016 Fall Term
16068,1029962,2017 Fall Term
16068,1038285,2018 Spring Term
16068,1029962,2018 Fall Term
16416,1038285,2013 Spring Term
16416,1038285,2014 Spring Term
16416,228852,2015 Spring Term
16416,228852,2017 Spring Term
16416,228852,2018 Spring Term
16416,228852,2019 Spring Term
24111,268806,2016 Fall Term
24111,268806,2017 Fall Term
24111,268806,2018 Fall Term
7865,228852,2012 Fall Term
7865,228852,2013 Fall Term
7865,1830348,2014 Fall Term
7865,1235577,2015 Spring Term
7865,1349620,2015 Fall Term
7865,1830348,2016 Spring Term
7865,1830348,2016 Fall Term
7865,1025533,2017 Spring Term
7865,1025533,2017 Fall Term
7865,1830348,2018 Spring Term
7865,1025533,2018 Fall Term
7865,1830348,2019 Spring Term
22840,227728,2015 Spring Term
22840,227251,2016 Spring Term
22840,227251,2017 Fall Term
22840,227251,2018 Fall Term
7868,227728,2013 Spring Term
7868,227728,2014 Spring Term
7868,1025533,2015 Spring Term
7868,1025533,2015 Fall Term
7868,2044669,2016 Spring Term
7868,1830348,2016 Fall Term
7868,1025533,2017 Spring Term
7868,1025533,2017 Fall Term
7868,1025533,2018 Spring Term
7868,1025533,2018 Fall Term
7868,1830348,2019 Spring Term
20784,227728,2013 Fall Term
20784,227728,2015 Spring Term
20784,228296,2016 Fall Term
20784,2446361,2018 Spring Term
22618,1865251,2016 Spring Term
22618,1865251,2017 Spring Term
22415,402973,2013 Fall Term
22415,1865251,2014 Spring Term
7891,228831,2012 Fall Term
7891,1038285,2013 Fall Term
7891,1038285,2014 Fall Term
7891,227728,2015 Fall Term
7891,2287541,2016 Fall Term
7891,227251,2017 Spring Term
7891,2287541,2018 Spring Term
7891,2287541,2019 Spring Term
7893,557256,2013 Spring Term
7893,1235577,2014 Spring Term
7893,1235577,2016 Spring Term
7893,1235577,2017 Spring Term
7893,2182776,2018 Spring Term
7893,557256,2019 Spring Term
7888,228462,2013 Spring Term
7888,1349620,2014 Spring Term
7888,1349620,2015 Spring Term
7888,1349620,2016 Spring Term
7888,1349620,2017 Spring Term
7888,2168180,2018 Spring Term
7888,2168180,2019 Spring Term
3704,1506329,2012 Fall Term
3704,1405431,2013 Fall Term
3704,1405431,2014 Fall Term
3704,2114152,2016 Fall Term
3704,1111889,2017 Fall Term
3704,227941,2018 Fall Term
7895,227876,2013 Spring Term
7895,227876,2014 Spring Term
7895,227876,2015 Spring Term
7895,227876,2016 Spring Term
7895,227876,2017 Spring Term
7895,1235577,2018 Spring Term
7895,1235577,2019 Spring Term
7896,557254,2012 Fall Term
7896,557254,2013 Fall Term
7896,227251,2014 Fall Term
7896,227251,2015 Fall Term
7896,227251,2016 Fall Term
7896,557256,2017 Fall Term
7896,557256,2018 Fall Term
25002,228296,2018 Spring Term
25002,2044669,2019 Spring Term
25137,228296,2018 Spring Term
25137,2044669,2019 Spring Term
15222,1923253,2013 Spring Term
15222,557254,2014 Spring Term
15222,697118,2015 Spring Term
15222,1923253,2015 Fall Term
15222,227728,2016 Fall Term
15222,227728,2017 Fall Term
15222,227728,2018 Fall Term
15222,1923253,2013 Spring Term
15222,557254,2014 Spring Term
15222,697118,2015 Spring Term
15222,1923253,2015 Fall Term
15222,227728,2016 Fall Term
15222,227728,2017 Fall Term
15222,227728,2018 Fall Term
23846,227728,2016 Spring Term
23846,227728,2017 Spring Term
23846,227728,2018 Spring Term
23846,228296,2019 Spring Term
7909,228434,2012 Fall Term
7909,228434,2013 Fall Term
7909,228434,2014 Fall Term
7909,228434,2015 Fall Term
7909,228434,2016 Fall Term
7909,228434,2017 Fall Term
7909,228434,2018 Fall Term
7904,228928,2012 Fall Term
7904,1029962,2013 Fall Term
7904,1029962,2014 Fall Term
7904,1029962,2015 Fall Term
7904,1029962,2016 Fall Term
7904,228852,2017 Fall Term
7904,228852,2018 Fall Term
7905,956652,2013 Spring Term
7905,956652,2014 Spring Term
7905,956652,2015 Spring Term
7905,2295324,2016 Spring Term
7905,2295324,2017 Spring Term
7905,2295324,2018 Spring Term
7905,2295324,2019 Spring Term
7913,399180,2012 Summer Term 1
7913,399180,2012 Summer Term 2
7913,228928,2012 Fall Term
7913,1056506,2013 Spring Term
7913,399180,2013 Summer Term 1
7913,399180,2013 Summer Term 2
7913,399180,2013 Fall Term
7913,399180,2014 Spring Term
7913,399180,2014 Summer Term 1
7913,399180,2014 Summer Term 2
7913,557254,2014 Fall Term
7913,228928,2015 Spring Term
7913,399180,2015 Summer Term 1
7913,399180,2015 Summer Term 2
7913,402967,2015 Fall Term
7913,514601,2016 Spring Term
7913,399180,2016 Summer Term 1
7913,399180,2016 Summer Term 2
7913,399180,2016 Fall Term
7913,1235577,2017 Spring Term
7913,399180,2017 Summer Term 1
7913,2168180,2017 Summer Term 2
7913,1904536,2017 Fall Term
7913,399180,2018 Spring Term
7913,399180,2018 Summer Term 1
7913,399180,2018 Summer Term 2
7913,227251,2018 Fall Term
7913,399180,2019 Spring Term
7974,402975,2013 Fall Term
7974,2430402,2017 Fall Term
7974,2430402,2018 Fall Term
7979,402975,2014 Fall Term
7979,2430402,2017 Fall Term
21215,1629804,2013 Spring Term
21215,1629804,2015 Spring Term
23655,1629804,2016 Spring Term
23655,1629804,2017 Fall Term
14462,402975,2012 Fall Term
14462,1629804,2017 Spring Term
14462,2430402,2018 Spring Term
14662,2105721,2013 Spring Term
14662,2430402,2018 Fall Term
20242,1629804,2012 Fall Term
20242,1629804,2014 Fall Term
23876,1228151,2016 Spring Term
23876,228368,2017 Spring Term
23876,2353327,2018 Spring Term
23876,228368,2019 Spring Term
8062,961319,2012 Fall Term
8062,961319,2013 Spring Term
8062,961319,2013 Fall Term
8062,961319,2014 Spring Term
8062,961319,2014 Fall Term
8062,961319,2015 Spring Term
8062,961319,2015 Summer Term 1
8062,961319,2015 Fall Term
8062,961319,2016 Spring Term
8062,961319,2016 Summer Term 1
8062,961319,2016 Fall Term
8062,961319,2017 Spring Term
8062,961319,2017 Fall Term
8062,961319,2018 Spring Term
8062,961319,2018 Fall Term
8062,961319,2019 Spring Term
82,1676649,2012 Fall Term
82,1676649,2013 Spring Term
82,1676649,2013 Fall Term
82,2008285,2014 Spring Term
82,1676649,2014 Fall Term
82,2008285,2015 Spring Term
82,1513948,2015 Fall Term
82,228518,2016 Spring Term
82,1676649,2016 Fall Term
82,400149,2017 Spring Term
82,228518,2017 Fall Term
82,1676649,2018 Spring Term
82,2428765,2018 Fall Term
82,1513948,2019 Spring Term
2842,1963968,2012 Fall Term
2842,1017919,2013 Spring Term
2842,1017919,2013 Fall Term
2842,2167527,2014 Spring Term
2842,2167527,2014 Fall Term
2842,1916002,2015 Spring Term
2842,1916002,2015 Fall Term
2842,2167527,2016 Spring Term
2842,1916002,2016 Fall Term
2842,2300740,2017 Spring Term
2842,2300740,2017 Fall Term
2842,2167527,2018 Spring Term
2842,1916002,2018 Fall Term
2842,1407954,2019 Spring Term
21542,227076,2012 Fall Term
21542,1831189,2013 Spring Term
8332,1725834,2012 Summer Term 2
8332,1725834,2012 Fall Term
24969,2107110,2018 Spring Term
24969,1877086,2018 Fall Term
17925,227719,2013 Spring Term
17925,227719,2014 Spring Term
17925,227719,2015 Spring Term
17925,1084437,2016 Spring Term
17925,227719,2017 Spring Term
17925,1425574,2017 Fall Term
17925,227719,2019 Spring Term
20020,228368,2012 Fall Term
20020,2049628,2013 Spring Term
20020,228368,2013 Fall Term
20020,228368,2014 Fall Term
20020,1417992,2015 Fall Term
20020,1417992,2016 Fall Term
20020,1417992,2017 Fall Term
20020,228368,2018 Fall Term
24419,2359944,2017 Spring Term
24419,2359944,2018 Spring Term
24419,2359944,2018 Fall Term
24646,2360875,2017 Fall Term
24646,2360875,2018 Fall Term
23214,1049204,2015 Spring Term
23214,1049204,2017 Fall Term
8337,227731,2012 Fall Term
8337,2107826,2013 Spring Term
8337,227570,2013 Fall Term
8337,227570,2014 Fall Term
8337,227731,2015 Fall Term
8337,227570,2017 Fall Term
8337,227570,2018 Fall Term
8336,1832178,2012 Summer Term 1
8336,461470,2014 Spring Term
8336,2292605,2016 Fall Term
23434,1912953,2015 Fall Term
23434,1912953,2016 Fall Term
23434,1912953,2017 Fall Term
23434,1912953,2018 Fall Term
23567,1588262,2015 Fall Term
23567,1588262,2016 Fall Term
14956,2107208,2013 Spring Term
14956,2107208,2013 Fall Term
14956,2107208,2015 Spring Term
14956,228851,2016 Spring Term
14956,2107208,2017 Spring Term
14956,2107208,2018 Spring Term
14956,2107208,2018 Fall Term
18147,399717,2012 Fall Term
18147,399717,2013 Fall Term
18147,228368,2014 Fall Term
18147,399717,2015 Fall Term
18147,1625133,2016 Fall Term
18147,1625133,2017 Fall Term
20152,1964312,2012 Fall Term
20152,1964312,2013 Fall Term
20152,1964312,2014 Fall Term
20152,1964312,2015 Fall Term
20152,1964312,2016 Fall Term
20152,1964312,2017 Fall Term
22718,1211659,2014 Fall Term
22718,1211659,2015 Fall Term
22718,1211659,2016 Fall Term
22718,1211659,2017 Fall Term
22718,1211659,2018 Fall Term
23822,2305923,2016 Spring Term
23822,2129791,2016 Fall Term
23822,2189080,2017 Fall Term
8386,1915758,2013 Spring Term
8386,1915758,2013 Fall Term
8386,1915758,2015 Spring Term
8386,1915758,2017 Spring Term
8386,1915758,2018 Fall Term
21819,1057511,2013 Spring Term
21819,1057511,2013 Fall Term
10426,1931512,2012 Fall Term
10426,1928167,2016 Fall Term
10426,1928167,2018 Spring Term
10426,2071081,2018 Fall Term
18286,1273645,2014 Spring Term
18286,1588262,2014 Fall Term
18286,1588262,2017 Spring Term
18286,1588262,2018 Fall Term
18032,1211659,2013 Spring Term
18032,1211659,2014 Spring Term
18032,1211659,2015 Spring Term
18032,1211659,2016 Spring Term
18032,1211659,2017 Spring Term
18032,1211659,2017 Fall Term
21820,1402926,2013 Spring Term
21820,1402926,2018 Spring Term
21996,1912953,2013 Fall Term
21996,1912953,2015 Spring Term
21996,1912953,2017 Spring Term
21996,1912953,2019 Spring Term
8376,227873,2012 Fall Term
8376,227873,2013 Spring Term
8376,227873,2016 Spring Term
23957,228203,2016 Spring Term
23957,1854986,2017 Fall Term
23957,1854986,2018 Fall Term
19171,400149,2012 Fall Term
19171,400149,2018 Spring Term
21803,1820157,2013 Spring Term
21803,1820157,2014 Spring Term
21803,1820157,2015 Fall Term
24107,1786771,2016 Fall Term
24107,1786771,2018 Spring Term
24107,1786771,2018 Fall Term
21505,2036518,2013 Spring Term
21505,2036518,2014 Spring Term
21505,2036518,2015 Spring Term
21505,2036518,2017 Spring Term
21505,2036518,2018 Spring Term
13579,461470,2012 Summer Term 2
13579,2108099,2014 Spring Term
13579,2108099,2015 Spring Term
24425,1677239,2017 Spring Term
24425,1677239,2018 Spring Term
24425,1677239,2019 Spring Term
24409,228408,2017 Spring Term
24409,228408,2018 Spring Term
22837,2167838,2014 Fall Term
22837,2167838,2016 Spring Term
22837,2167838,2017 Spring Term
22837,2167838,2019 Spring Term
22239,1049477,2013 Fall Term
22239,1049477,2014 Fall Term
22239,1049477,2015 Fall Term
22239,1049477,2016 Fall Term
22239,2232150,2017 Fall Term
22239,1049477,2018 Fall Term
22238,1049477,2013 Fall Term
22238,1049477,2014 Fall Term
22238,1049477,2015 Fall Term
22238,1049477,2016 Fall Term
22238,1049477,2017 Fall Term
22238,1049477,2018 Fall Term
22835,1915758,2015 Spring Term
22835,1915758,2015 Fall Term
22835,1915758,2017 Fall Term
8395,1402926,2013 Fall Term
8395,1402926,2015 Fall Term
8395,1402926,2016 Fall Term
8395,1402926,2018 Spring Term
8395,1402926,2018 Fall Term
21708,1429437,2013 Spring Term
21708,1429437,2014 Spring Term
21708,1429437,2015 Spring Term
21708,1429437,2016 Spring Term
21708,1429437,2017 Spring Term
21708,1429437,2018 Spring Term
21708,1429437,2019 Spring Term
21672,1429437,2013 Spring Term
21672,1429437,2014 Spring Term
21672,1429437,2015 Spring Term
21672,1429437,2016 Spring Term
21672,1429437,2017 Spring Term
21672,1429437,2018 Spring Term
21672,1429437,2019 Spring Term
8415,1415758,2012 Fall Term
8415,1941400,2013 Summer Term 2
8415,1941400,2014 Spring Term
8415,1941400,2014 Summer Term 2
8415,2170599,2014 Fall Term
8415,2292652,2015 Fall Term
8415,228368,2016 Spring Term
8415,227076,2016 Fall Term
8415,227076,2018 Fall Term
23654,1244914,2015 Fall Term
23654,1244914,2018 Spring Term
22548,228508,2014 Spring Term
22548,228508,2014 Fall Term
22548,228508,2015 Spring Term
22548,228508,2015 Fall Term
22548,228508,2016 Fall Term
22548,228508,2018 Fall Term
22572,228508,2014 Spring Term
22572,228508,2015 Spring Term
22572,228508,2016 Spring Term
22572,228508,2018 Spring Term
17281,1615324,2012 Summer Term 1
17281,1615324,2013 Summer Term 1
17281,1615324,2014 Summer Term 1
17281,1354618,2015 Summer Term 1
17281,1862454,2016 Summer Term 1
17281,228508,2017 Summer Term 1
17281,228508,2018 Summer Term 1
21600,1912035,2014 Spring Term
21600,1912035,2015 Spring Term
21600,1912035,2016 Spring Term
21600,1912035,2018 Spring Term
21600,1912035,2019 Spring Term
8407,1889096,2015 Fall Term
8407,1888637,2018 Fall Term
8370,382212,2012 Fall Term
8370,227719,2014 Fall Term
8370,1889096,2015 Spring Term
8370,227719,2016 Spring Term
8456,962121,2012 Fall Term
8456,962121,2013 Fall Term
8456,962121,2014 Fall Term
8456,962121,2016 Fall Term
23843,2161891,2016 Spring Term
23843,2161891,2017 Spring Term
23843,2161891,2018 Spring Term
23843,2161891,2019 Spring Term
14153,382212,2012 Fall Term
14153,1882059,2013 Summer Term 1
14153,1871363,2014 Spring Term
14153,1084437,2014 Fall Term
14153,1882059,2015 Fall Term
14153,1880835,2016 Fall Term
14153,1893264,2019 Spring Term
17078,388299,2013 Spring Term
17078,388299,2014 Spring Term
17078,2036237,2014 Summer Term 1
17078,388299,2015 Spring Term
17078,2162030,2015 Summer Term 1
17078,388299,2016 Spring Term
17078,2161891,2016 Summer Term 1
17078,2222117,2017 Spring Term
17078,2161891,2017 Summer Term 1
17078,2222416,2017 Summer Term 2
17078,2222117,2018 Spring Term
17078,2161891,2018 Summer Term 1
17078,2161891,2018 Summer Term 2
17078,2281218,2019 Spring Term
22775,2107208,2014 Fall Term
22775,2107208,2017 Fall Term
22775,2107208,2019 Spring Term
8359,399180,2012 Fall Term
8359,408329,2013 Spring Term
8359,1176634,2013 Summer Term 2
8359,399180,2013 Fall Term
8359,399180,2014 Spring Term
8359,1176634,2014 Summer Term 2
8359,1865419,2014 Fall Term
19036,399180,2012 Summer Term - Full
19036,399180,2012 Summer Term 1
19036,399180,2012 Summer Term 2
19036,399180,2012 Fall Term
19036,399180,2013 Spring Term
19036,399180,2013 Summer Term 1
19036,399180,2013 Summer Term 2
19036,399180,2013 Fall Term
19036,399180,2014 Spring Term
19036,399180,2014 Summer Term 1
19036,399180,2014 Summer Term 2
19036,399180,2014 Fall Term
19036,399180,2015 Spring Term
19036,399180,2015 Summer Term 1
19036,399180,2015 Summer Term 2
19036,227719,2015 Fall Term
19036,399180,2016 Spring Term
19036,399180,2016 Summer Term 1
19036,399180,2016 Summer Term 2
19036,399180,2016 Fall Term
19036,399180,2017 Spring Term
19036,399180,2017 Summer Term 1
19036,399180,2017 Summer Term 2
19036,399180,2017 Fall Term
19036,399180,2018 Spring Term
19036,399180,2018 Summer Term 1
19036,399180,2018 Summer Term 2
19036,399180,2018 Fall Term
19036,399180,2019 Spring Term
19020,399180,2012 Fall Term
19020,399180,2013 Spring Term
19020,399180,2013 Fall Term
19020,228368,2014 Spring Term
19020,399180,2014 Fall Term
19020,399180,2015 Spring Term
19020,399180,2015 Fall Term
19020,399180,2016 Spring Term
19020,399180,2016 Fall Term
19020,399180,2017 Spring Term
19020,399180,2017 Summer Term 1
19020,399180,2017 Summer Term 2
19020,1786771,2017 Fall Term
19020,399180,2018 Spring Term
19020,399180,2018 Summer Term 1
19020,228408,2018 Summer Term 2
19020,228368,2018 Fall Term
19020,399180,2019 Spring Term
19021,399180,2012 Fall Term
19021,1820157,2013 Spring Term
19021,399180,2013 Fall Term
19021,1820157,2014 Spring Term
19021,399180,2014 Fall Term
19021,399180,2015 Spring Term
19021,399180,2015 Fall Term
19021,399180,2016 Spring Term
19021,399180,2016 Fall Term
19021,399180,2017 Spring Term
19021,399180,2017 Summer Term 1
19021,399180,2017 Summer Term 2
19021,399180,2017 Fall Term
19021,399180,2018 Spring Term
19021,399180,2018 Summer Term 1
19021,399180,2018 Summer Term 2
19021,399180,2018 Fall Term
19021,399180,2019 Spring Term
21385,399180,2012 Fall Term
21385,399180,2013 Spring Term
21385,399180,2013 Fall Term
21385,399180,2014 Spring Term
21385,399180,2014 Fall Term
21385,399180,2015 Spring Term
21385,1625133,2015 Fall Term
21385,399180,2016 Spring Term
21385,399180,2016 Fall Term
21385,399180,2017 Spring Term
21385,399180,2017 Summer Term 1
21385,399180,2017 Summer Term 2
21385,399180,2017 Fall Term
21385,399180,2018 Spring Term
21385,399180,2018 Summer Term 1
21385,399180,2018 Summer Term 2
21385,399180,2018 Fall Term
21385,399180,2019 Spring Term
24199,399180,2016 Summer Term 2
24199,399180,2017 Summer Term 2
24199,399180,2018 Summer Term 2
8342,1615324,2012 Fall Term
8342,399180,2013 Fall Term
8342,399180,2014 Fall Term
8342,399180,2015 Fall Term
8342,940441,2016 Fall Term
8342,399180,2017 Fall Term
8342,399180,2018 Fall Term
14221,1615324,2013 Spring Term
14221,1615324,2014 Spring Term
14221,399180,2015 Spring Term
14221,399180,2016 Spring Term
8442,403137,2012 Summer Term 2
8442,403137,2013 Summer Term 2
8442,403137,2014 Summer Term 2
8442,403137,2015 Summer Term 2
8442,403137,2016 Summer Term 2
8442,403137,2017 Summer Term 2
8442,403137,2018 Summer Term 2
1935,1999749,2012 Fall Term
8068,228238,2012 Fall Term
8068,1581997,2013 Spring Term
8068,1429437,2013 Fall Term
8068,228238,2014 Spring Term
8068,1581997,2014 Fall Term
8068,2232916,2015 Spring Term
8068,1429437,2015 Fall Term
8068,2232916,2016 Spring Term
8068,2036518,2016 Fall Term
8068,2232916,2017 Spring Term
8068,2352902,2017 Fall Term
8068,403125,2018 Spring Term
8068,408329,2018 Fall Term
8068,2232916,2019 Spring Term
21806,1450427,2013 Spring Term
21806,1450427,2014 Fall Term
21806,1450427,2017 Spring Term
22824,227783,2014 Fall Term
22824,227783,2015 Fall Term
22824,2300740,2018 Spring Term
23915,598466,2016 Spring Term
23915,598466,2017 Spring Term
23915,598466,2018 Spring Term
23915,598466,2019 Spring Term
8379,1723951,2012 Summer Term 1
8379,2292652,2016 Spring Term
24106,2314159,2016 Fall Term
24106,2314159,2017 Fall Term
24106,2314159,2019 Spring Term
24106,2314159,2016 Fall Term
24106,2314159,2017 Fall Term
24106,2314159,2019 Spring Term
8460,1415758,2013 Spring Term
8460,1450427,2015 Spring Term
8460,2353327,2016 Fall Term
8460,2353327,2017 Fall Term
8460,2353327,2019 Spring Term
8480,1049477,2013 Fall Term
8480,1049477,2014 Fall Term
8480,1049477,2015 Fall Term
8480,1049477,2016 Fall Term
8480,1049477,2017 Fall Term
8480,1049477,2018 Fall Term
8461,227731,2014 Spring Term
8461,227731,2015 Spring Term
8461,227731,2016 Fall Term
8461,227731,2017 Fall Term
8461,227731,2018 Fall Term
8464,228408,2013 Spring Term
8464,228408,2013 Fall Term
8464,228408,2015 Spring Term
8464,228408,2016 Spring Term
8464,2314159,2017 Spring Term
8464,2314159,2018 Fall Term
24905,399180,2017 Fall Term
24905,399180,2018 Fall Term
22212,2108099,2013 Fall Term
22212,2108099,2014 Fall Term
22212,2292605,2015 Fall Term
22212,2292605,2016 Spring Term
22212,2108099,2016 Fall Term
22212,2428376,2017 Fall Term
22212,2428376,2018 Spring Term
22842,393842,2014 Fall Term
22842,393842,2015 Fall Term
16959,1980247,2012 Fall Term
16959,1980247,2013 Spring Term
16959,228368,2013 Fall Term
16959,1980247,2014 Spring Term
16959,1980247,2014 Summer Term 1
16959,1980247,2014 Fall Term
16959,1543508,2015 Spring Term
16959,1980247,2015 Summer Term 2
16959,1417992,2015 Fall Term
16959,2234233,2016 Spring Term
16959,1980247,2016 Summer Term 2
16959,1980247,2016 Fall Term
16959,228368,2017 Spring Term
16959,2428786,2017 Summer Term 2
16959,1417992,2017 Fall Term
16959,403137,2018 Spring Term
16959,1417992,2018 Summer Term 2
16959,1417992,2018 Fall Term
8419,228408,2012 Fall Term
8419,1397980,2013 Spring Term
8419,228408,2014 Spring Term
8419,228408,2014 Fall Term
23530,228408,2015 Fall Term
23530,228408,2016 Fall Term
23530,228408,2017 Fall Term
22453,2173686,2014 Spring Term
22453,1189324,2015 Spring Term
22453,2173686,2015 Fall Term
23887,400149,2016 Spring Term
23887,400149,2016 Fall Term
23887,400149,2017 Fall Term
23888,400149,2016 Spring Term
23888,400149,2016 Fall Term
23888,400149,2017 Fall Term
22876,393842,2014 Fall Term
22876,393842,2016 Spring Term
22876,393842,2019 Spring Term
21890,227138,2013 Spring Term
21890,227138,2015 Spring Term
21890,2003020,2016 Spring Term
21890,2188692,2019 Spring Term
23281,2040211,2015 Spring Term
23281,2040211,2016 Spring Term
23281,2040211,2017 Spring Term
23281,2040211,2018 Spring Term
12093,1625133,2013 Fall Term
12093,1625133,2015 Spring Term
12093,1625133,2015 Fall Term
12093,228408,2016 Spring Term
12093,228408,2017 Spring Term
12093,1625133,2017 Fall Term
13665,228009,2017 Spring Term
13665,228009,2019 Spring Term
8420,1805999,2013 Spring Term
8420,1805999,2017 Spring Term
22870,598466,2014 Fall Term
22870,598466,2015 Fall Term
22870,598466,2017 Spring Term
22870,598466,2018 Spring Term
22870,598466,2018 Fall Term
14929,1228151,2013 Fall Term
14929,2361280,2016 Fall Term
14929,1930546,2018 Spring Term
18757,1773703,2012 Fall Term
18757,1773703,2017 Spring Term
22831,1820157,2014 Fall Term
22831,1820157,2016 Spring Term
22831,1820157,2017 Spring Term
16070,598466,2012 Fall Term
16070,598466,2014 Spring Term
16070,598466,2015 Spring Term
16070,598466,2016 Spring Term
14632,403125,2013 Fall Term
14632,403125,2019 Spring Term
23228,1923145,2015 Spring Term
23228,1923145,2016 Fall Term
8449,227570,2013 Spring Term
8449,227570,2015 Spring Term
8449,227570,2018 Spring Term
19016,1451489,2013 Fall Term
19016,1451489,2016 Spring Term
19016,1451489,2016 Fall Term
19016,1451489,2018 Fall Term
8423,1883055,2012 Summer Term 1
8423,2107826,2012 Fall Term
8423,1877507,2013 Summer Term 2
1911,227783,2013 Spring Term
1911,227783,2014 Spring Term
1911,227783,2015 Spring Term
1911,227783,2015 Fall Term
1911,227783,2017 Spring Term
1911,227783,2018 Spring Term
1911,227783,2019 Spring Term
16847,228354,2013 Spring Term
16847,228354,2014 Fall Term
16847,2224534,2015 Fall Term
16847,2224534,2016 Fall Term
16847,2224534,2018 Fall Term
24457,2357100,2017 Spring Term
24457,2357100,2018 Spring Term
17884,951771,2014 Spring Term
17884,951771,2015 Fall Term
17884,2504059,2019 Spring Term
13000,388328,2014 Fall Term
13000,388328,2019 Spring Term
8513,970898,2012 Fall Term
8513,799457,2013 Spring Term
8513,970898,2013 Fall Term
8513,400149,2014 Fall Term
8513,1049477,2016 Fall Term
8513,1049477,2017 Fall Term
8513,2497204,2018 Spring Term
8513,1049477,2018 Fall Term
8514,1017167,2013 Summer Term 1
8514,1744312,2015 Spring Term
8514,1744312,2016 Spring Term
8514,1744312,2017 Spring Term
8514,1744312,2018 Spring Term
8514,1744312,2019 Spring Term
17123,1825806,2012 Summer Term 2
17123,1200543,2013 Spring Term
17123,1825806,2013 Summer Term 2
17123,1990030,2017 Fall Term
17116,814654,2012 Fall Term
17116,2112102,2013 Spring Term
17116,1017167,2013 Summer Term 2
17116,1819847,2014 Spring Term
17116,2232150,2014 Fall Term
17116,2112102,2015 Spring Term
17116,2232150,2015 Fall Term
17116,228753,2016 Spring Term
17116,2360875,2016 Fall Term
17116,2305923,2017 Spring Term
17116,2305923,2018 Spring Term
17116,2305923,2019 Spring Term
17122,1017167,2014 Summer Term 1
17122,1017167,2014 Summer Term 2
17122,1017167,2015 Summer Term 1
17122,1017167,2015 Summer Term 2
17122,1930546,2017 Spring Term
17122,1820157,2017 Fall Term
17122,2428376,2018 Spring Term
17121,2300740,2016 Spring Term
17121,1915758,2017 Fall Term
17121,1915758,2018 Spring Term
17121,1915758,2018 Fall Term
17121,1915758,2019 Spring Term
19032,399180,2012 Summer Term 1
19032,399180,2012 Summer Term 2
19032,399180,2012 Fall Term
19032,227679,2013 Spring Term
19032,399180,2013 Summer Term 1
19032,399180,2013 Summer Term 2
19032,399180,2013 Fall Term
19032,399180,2014 Spring Term
19032,399180,2014 Summer Term 1
19032,399180,2014 Summer Term 2
19032,399180,2014 Fall Term
19032,399180,2015 Spring Term
19032,399180,2015 Summer Term 1
19032,399180,2015 Summer Term 2
19032,399180,2015 Fall Term
19032,399180,2016 Spring Term
19032,399180,2016 Summer Term 1
19032,399180,2016 Summer Term 2
19032,399180,2016 Fall Term
19032,399180,2017 Spring Term
19032,399180,2017 Summer Term 1
19032,399180,2017 Summer Term 2
19032,399180,2017 Fall Term
19032,399180,2018 Spring Term
19032,399180,2018 Summer Term 1
19032,399180,2018 Summer Term 2
19032,399180,2018 Fall Term
19032,399180,2019 Spring Term
19033,393842,2012 Fall Term
19033,1912144,2013 Spring Term
19033,399180,2013 Fall Term
19033,399180,2014 Spring Term
19033,399180,2014 Fall Term
19033,399180,2015 Spring Term
19033,399180,2015 Fall Term
19033,1677239,2016 Spring Term
19033,399180,2016 Fall Term
19033,1244914,2017 Spring Term
19033,399180,2017 Summer Term 1
19033,399180,2017 Summer Term 2
19033,399180,2017 Fall Term
19033,399180,2018 Spring Term
19033,399180,2018 Summer Term 1
19033,399180,2018 Summer Term 2
19033,399180,2018 Fall Term
19033,399180,2019 Spring Term
19035,399180,2012 Fall Term
19035,399180,2013 Spring Term
19035,399180,2013 Fall Term
19035,399180,2014 Spring Term
19035,399180,2014 Fall Term
19035,399180,2015 Spring Term
19035,399180,2015 Fall Term
19035,399180,2016 Spring Term
19035,399180,2016 Fall Term
19035,399180,2017 Spring Term
19035,399180,2017 Summer Term 1
19035,399180,2017 Summer Term 2
19035,399180,2017 Fall Term
19035,399180,2018 Spring Term
19035,399180,2018 Summer Term 1
19035,399180,2018 Summer Term 2
19035,1915758,2018 Fall Term
19035,399180,2019 Spring Term
21392,399180,2012 Fall Term
21392,399180,2013 Spring Term
21392,399180,2013 Fall Term
21392,399180,2014 Spring Term
21392,399180,2014 Fall Term
21392,399180,2015 Spring Term
21392,399180,2015 Fall Term
21392,399180,2016 Spring Term
21392,399180,2016 Fall Term
21392,399180,2017 Spring Term
21392,399180,2017 Summer Term 1
21392,399180,2017 Summer Term 2
21392,399180,2017 Fall Term
21392,399180,2018 Spring Term
21392,399180,2018 Summer Term 1
21392,399180,2018 Summer Term 2
21392,399180,2018 Fall Term
21392,399180,2019 Spring Term
19028,399180,2012 Summer Term - Full
19028,399180,2012 Summer Term 1
19028,227719,2012 Fall Term
19028,399180,2013 Spring Term
19028,399180,2013 Summer Term 1
19028,399180,2013 Fall Term
19028,399180,2014 Spring Term
19028,399180,2014 Summer Term 1
19028,399180,2014 Fall Term
19028,399180,2015 Spring Term
19028,399180,2015 Summer Term 1
19028,399180,2015 Fall Term
19028,399180,2016 Spring Term
19028,399180,2016 Summer Term 1
19028,228368,2016 Fall Term
19028,399180,2017 Spring Term
19028,399180,2017 Fall Term
19028,228312,2018 Spring Term
19028,399180,2018 Fall Term
19028,399180,2019 Spring Term
19029,393842,2012 Fall Term
19029,1865468,2013 Spring Term
19029,970898,2013 Fall Term
19029,1625133,2014 Spring Term
19029,399180,2014 Fall Term
19029,1228151,2015 Spring Term
19029,1805999,2015 Fall Term
19029,228009,2016 Spring Term
19029,399180,2016 Fall Term
19029,1820157,2017 Spring Term
19029,228368,2017 Summer Term 2
19029,399180,2017 Fall Term
19029,1865468,2018 Spring Term
19029,227076,2018 Fall Term
19029,399180,2019 Spring Term
19030,1228151,2012 Fall Term
19030,399180,2013 Spring Term
19030,399180,2013 Fall Term
19030,2167839,2014 Spring Term
19030,399717,2014 Fall Term
19030,1744312,2015 Spring Term
19030,2292605,2015 Fall Term
19030,399180,2016 Spring Term
19030,399180,2016 Fall Term
19030,399180,2017 Spring Term
19030,1820157,2017 Fall Term
19030,2167839,2018 Spring Term
19030,2167839,2018 Fall Term
19030,399180,2019 Spring Term
19031,399180,2012 Fall Term
19031,399180,2013 Spring Term
19031,399180,2013 Fall Term
19031,1402926,2014 Spring Term
19031,1402926,2014 Fall Term
19031,399180,2015 Spring Term
19031,399180,2015 Fall Term
19031,399180,2016 Spring Term
19031,399717,2016 Fall Term
19031,399180,2017 Spring Term
19031,399180,2017 Fall Term
19031,1450427,2018 Spring Term
19031,2167839,2018 Fall Term
19031,399180,2019 Spring Term
21520,399180,2012 Fall Term
21520,1805999,2013 Spring Term
21520,399180,2013 Fall Term
21520,1228151,2014 Spring Term
21520,399180,2014 Fall Term
21520,399180,2015 Spring Term
21520,399180,2015 Fall Term
21520,399180,2016 Spring Term
21520,1980247,2016 Fall Term
21520,399180,2017 Spring Term
21520,399180,2017 Fall Term
21520,1417992,2018 Spring Term
21520,228368,2018 Fall Term
21520,399180,2019 Spring Term
23914,2292798,2016 Spring Term
23914,2292798,2017 Spring Term
24697,1107663,2017 Fall Term
24697,2189080,2018 Spring Term
24697,1107663,2018 Fall Term
24157,1623165,2016 Fall Term
24157,399826,2018 Spring Term
24157,399826,2018 Fall Term
20493,1054341,2012 Fall Term
20493,1054341,2019 Spring Term
8459,1417992,2012 Fall Term
8459,1543508,2013 Spring Term
8459,1980247,2013 Fall Term
8459,1543508,2014 Spring Term
8459,1980247,2014 Fall Term
8459,1980247,2015 Spring Term
8459,2234233,2015 Fall Term
8459,1980247,2016 Spring Term
8459,228368,2016 Fall Term
8459,2234233,2017 Spring Term
8459,1733533,2017 Fall Term
8459,228368,2018 Spring Term
8459,1733533,2018 Fall Term
8459,228368,2019 Spring Term
22135,1786771,2013 Fall Term
22135,1786771,2016 Spring Term
22135,1786771,2016 Fall Term
22135,1786771,2018 Spring Term
2804,400220,2013 Spring Term
2804,1039456,2014 Spring Term
2804,400220,2015 Spring Term
2804,1912953,2016 Spring Term
2804,227911,2017 Spring Term
2804,2429194,2018 Spring Term
19037,1805999,2012 Summer Term 1
19037,399180,2012 Summer Term 2
19037,399180,2012 Fall Term
19037,227679,2013 Spring Term
19037,399180,2013 Summer Term 1
19037,399180,2013 Summer Term 2
19037,399180,2013 Fall Term
19037,1980247,2014 Spring Term
19037,399180,2014 Summer Term 1
19037,399180,2014 Summer Term 2
19037,399180,2014 Fall Term
19037,399180,2015 Spring Term
19037,1588262,2015 Summer Term 1
19037,399180,2015 Summer Term 2
19037,399180,2015 Fall Term
19037,1244913,2016 Spring Term
19037,399180,2016 Summer Term 1
19037,399180,2016 Summer Term 2
19037,227719,2016 Fall Term
19037,227719,2017 Spring Term
19037,399180,2017 Summer Term 1
19037,399180,2017 Fall Term
19037,228368,2018 Spring Term
19037,399180,2018 Summer Term 1
19037,393842,2018 Fall Term
19037,399180,2019 Spring Term
19038,1912144,2012 Fall Term
19038,1830370,2013 Spring Term
19038,227873,2013 Fall Term
19038,227873,2014 Spring Term
19038,228368,2014 Fall Term
19038,1450427,2015 Spring Term
19038,1625133,2015 Fall Term
19038,399180,2016 Spring Term
19038,1588262,2016 Fall Term
19038,1244914,2017 Spring Term
19038,228368,2017 Fall Term
19038,1588262,2018 Spring Term
19038,2314159,2018 Fall Term
19038,228368,2019 Spring Term
19039,227570,2012 Fall Term
19039,1915759,2013 Spring Term
19039,1820157,2013 Fall Term
19039,2108099,2014 Spring Term
19039,1820157,2014 Summer Term 2
19039,399717,2014 Fall Term
19039,1820157,2015 Spring Term
19039,399180,2015 Summer Term 2
19039,2167838,2015 Fall Term
19039,227731,2016 Spring Term
19039,1820157,2016 Fall Term
19039,1820157,2017 Spring Term
19039,2167839,2017 Fall Term
19039,2428376,2018 Spring Term
19039,1677239,2018 Fall Term
19039,2167838,2019 Spring Term
19040,1049477,2012 Fall Term
19040,1402926,2013 Spring Term
19040,1450427,2013 Fall Term
19040,1402926,2014 Spring Term
19040,1049477,2014 Fall Term
19040,399180,2015 Spring Term
19040,1588262,2015 Summer Term 2
19040,399180,2015 Fall Term
19040,1941400,2016 Spring Term
19040,1625133,2016 Fall Term
19040,228368,2017 Spring Term
,,
19040,1402926,2018 Spring Term
19040,1402926,2018 Fall Term
21548,1915758,2015 Spring Term
21548,399180,2015 Fall Term
21548,399180,2016 Spring Term
21548,399180,2016 Fall Term
21548,399180,2017 Spring Term
21548,399180,2017 Fall Term
21548,399180,2018 Spring Term
21548,399180,2018 Fall Term
21548,399180,2019 Spring Term
21887,1019398,2013 Spring Term
21887,1019398,2014 Spring Term
21887,1019398,2015 Spring Term
21887,1019398,2016 Spring Term
21887,2427505,2017 Spring Term
21887,2427505,2018 Spring Term
21887,2427505,2019 Spring Term
23877,1625133,2016 Spring Term
23877,1820157,2017 Spring Term
23877,1417992,2018 Spring Term
23877,1820157,2019 Spring Term
21855,227616,2013 Spring Term
21855,227616,2015 Spring Term
9129,399746,2012 Fall Term
9129,399746,2013 Fall Term
9129,399746,2014 Fall Term
9129,399746,2015 Fall Term
9129,399746,2016 Fall Term
9129,399746,2017 Fall Term
9129,399746,2018 Fall Term
9131,399746,2013 Spring Term
9131,399746,2014 Spring Term
9131,399746,2015 Spring Term
9131,399746,2016 Spring Term
9131,2253268,2017 Spring Term
9131,2253268,2018 Spring Term
9131,399746,2019 Spring Term
13046,399746,2013 Spring Term
13046,399746,2014 Spring Term
13046,399746,2015 Spring Term
13046,399746,2016 Spring Term
13046,399746,2017 Spring Term
13046,399746,2018 Spring Term
13046,399746,2019 Spring Term
12990,399746,2012 Fall Term008801,1367607,2013 Fall Term
008801,1196778,2014 Spring Term
008801,1932166,2014 Summer Term 1
008801,1323200,2014 Summer Term 2
008801,1367607,2014 Fall Term
008801,1057638,2015 Spring Term
008801,1840137,2015 Summer Term 1
008801,1999166,2015 Summer Term 2
008801,1367607,2015 Fall Term
008801,1196778,2016 Spring Term
008801,1999166,2016 Summer Term 1
008801,1999166,2016 Summer Term 2
008801,1367607,2016 Fall Term
008801,1196778,2017 Spring Term
008801,1999166,2017 Summer Term 2
008801,1367607,2017 Fall Term
008801,1869294,2018 Spring Term
008801,1718562,2018 Summer Term 1
008801,1196778,2018 Summer Term 2
008801,1367607,2018 Fall Term
008801,1869294,2019 Spring Term
008805,1825681,2012 Summer Term 1
008805,0709713,2012 Fall Term
008805,0388189,2013 Spring Term
008805,1874225,2013 Summer Term 1
008805,1377894,2013 Summer Term 2
008805,0397504,2013 Fall Term
008805,0709713,2014 Spring Term
008805,1934678,2014 Summer Term 2
008805,0709713,2014 Fall Term
008805,0709713,2015 Spring Term
008805,1038986,2015 Summer Term 1
008805,1119201,2015 Summer Term 2
008805,0397504,2015 Fall Term
008805,0709713,2016 Spring Term
008805,1710561,2016 Summer Term 2
008805,0709713,2016 Fall Term
008805,0397504,2017 Spring Term
008805,2124181,2017 Summer Term 2
008805,0397504,2017 Fall Term
008805,0709713,2018 Spring Term
008805,2124181,2018 Summer Term 2
008805,0397504,2018 Fall Term
008805,0709713,2019 Spring Term
008767,0565259,2012 Summer Term 2
008767,0565259,2012 Fall Term
008767,0773069,2013 Spring Term
008767,0565259,2013 Fall Term
008767,0773069,2014 Spring Term
008767,0565259,2014 Fall Term
008767,0773069,2015 Spring Term
008767,0565259,2015 Summer Term 2
008767,0565259,2015 Fall Term
008767,0773069,2016 Spring Term
008767,1233633,2016 Summer Term 2
008767,0565259,2016 Fall Term
008767,0565259,2017 Fall Term
008767,0773069,2018 Spring Term
008767,0565259,2018 Summer Term 2
008767,0565259,2018 Fall Term
008767,0773069,2019 Spring Term
024135,0814284,2016 Fall Term
024135,0814284,2017 Spring Term
024135,0814284,2017 Fall Term
024135,0814284,2018 Fall Term
024408,0227120,2017 Spring Term
024408,2430275,2018 Spring Term
023638,0399717,2015 Fall Term
023638,0399717,2016 Fall Term
023638,0399717,2017 Fall Term
023638,0399717,2018 Spring Term
023638,1084811,2018 Fall Term
014842,1355596,2016 Fall Term
014842,1355596,2017 Fall Term
014842,1355596,2018 Fall Term
007212,0227759,2012 Fall Term
007212,0227759,2013 Fall Term
007212,0227759,2014 Fall Term
009825,1836776,2012 Summer Term 1
009825,1876003,2012 Summer Term 2
009825,1786977,2012 Fall Term
009825,1975447,2013 Spring Term
009825,1876003,2013 Summer Term 1
009825,1836776,2013 Summer Term 2
009825,1786977,2013 Fall Term
009825,1786977,2014 Spring Term
009825,2006225,2014 Summer Term 2
009825,1786977,2014 Fall Term
009825,1786977,2015 Spring Term
009825,1999166,2015 Summer Term 1
009825,1710561,2015 Summer Term 2
009825,1786977,2015 Fall Term
009825,1786977,2016 Spring Term
009825,2006225,2016 Summer Term 1
009825,1999166,2016 Summer Term 2
009825,1786977,2016 Fall Term
009825,1786977,2017 Spring Term
009825,2106987,2017 Summer Term 1
009825,2188301,2017 Summer Term 2
009825,1786977,2017 Fall Term
009825,2379486,2018 Spring Term
009825,2188301,2018 Summer Term 1
009825,0538127,2018 Fall Term
009825,2379486,2019 Spring Term
008776,1940090,2012 Summer Term 2
008776,0227732,2012 Fall Term
008764,0227732,2012 Fall Term
008764,0565259,2013 Spring Term
008764,0227732,2013 Fall Term
008764,0565259,2014 Spring Term
008764,1889110,2014 Summer Term 2
008764,0227732,2014 Fall Term
008764,0565259,2015 Spring Term
008764,1936407,2015 Summer Term 2
008764,0227732,2015 Fall Term
008764,1196778,2016 Spring Term
008764,1236907,2016 Summer Term 1
008764,1315858,2016 Summer Term 2
008764,1196778,2016 Fall Term
008764,1196778,2017 Spring Term
008764,1236907,2017 Summer Term 1
008764,1196778,2017 Summer Term 2
008764,1863079,2017 Fall Term
008764,2428823,2018 Spring Term
008764,1236907,2018 Summer Term 1
008764,1196778,2018 Summer Term 2
008764,2428823,2018 Fall Term
008764,2428823,2019 Spring Term
008768,1927281,2012 Summer Term 1
008768,0602440,2012 Fall Term
008768,1458249,2013 Spring Term
008768,1078225,2013 Summer Term 1
008768,1927281,2013 Summer Term 2
008768,0228675,2013 Fall Term
008768,0227452,2014 Spring Term
008768,0602440,2014 Fall Term
008768,0227452,2015 Spring Term
008768,0228675,2015 Fall Term
008768,0379209,2016 Spring Term
008768,1927281,2016 Summer Term 1
008768,0227452,2016 Fall Term
008768,0602440,2017 Spring Term
008768,2363336,2017 Summer Term 1
008768,0228675,2017 Fall Term
008768,1169707,2018 Spring Term
008768,1288487,2018 Summer Term 1
008768,0602440,2018 Fall Term
008768,0227452,2019 Spring Term
008769,1863079,2012 Fall Term
008769,2108122,2013 Spring Term
008769,2108122,2013 Fall Term
008769,2108122,2014 Spring Term
008769,1863079,2014 Fall Term
008769,2108122,2015 Spring Term
008769,2006175,2015 Summer Term 1
008769,1863079,2016 Spring Term
008769,1863079,2017 Spring Term
008769,2299294,2018 Spring Term
008769,2352903,2019 Spring Term
008801,0462354,2012 Summer Term 2
008801,1367607,2012 Fall Term
008801,1057638,2013 Spring Term
008801,1999166,2013 Summer Term 1
008801,1999166,2013 Summer Term 2
008801,1367607,2013 Fall Term
008801,1196778,2014 Spring Term
008801,1932166,2014 Summer Term 1
008801,1323200,2014 Summer Term 2
008801,1367607,2014 Fall Term
008801,1057638,2015 Spring Term
008801,1840137,2015 Summer Term 1
008801,1999166,2015 Summer Term 2
008801,1367607,2015 Fall Term
008801,1196778,2016 Spring Term
008801,1999166,2016 Summer Term 1
008801,1999166,2016 Summer Term 2
008801,1367607,2016 Fall Term
008801,1196778,2017 Spring Term
008801,1999166,2017 Summer Term 2
008801,1367607,2017 Fall Term
008801,1869294,2018 Spring Term
008801,1718562,2018 Summer Term 1
008801,1196778,2018 Summer Term 2
008801,1367607,2018 Fall Term
008801,1869294,2019 Spring Term
008805,1825681,2012 Summer Term 1
008805,0709713,2012 Fall Term
008805,0388189,2013 Spring Term
008805,1874225,2013 Summer Term 1
008805,1377894,2013 Summer Term 2
008805,0397504,2013 Fall Term
008805,0709713,2014 Spring Term
008805,1934678,2014 Summer Term 2
008805,0709713,2014 Fall Term
008805,0709713,2015 Spring Term
008764,0227732,2012 Fall Term
008764,0565259,2013 Spring Term
008764,0227732,2013 Fall Term
008764,0565259,2014 Spring Term
008764,1889110,2014 Summer Term 2
008764,0227732,2014 Fall Term
008764,0565259,2015 Spring Term
008764,1936407,2015 Summer Term 2
008764,0227732,2015 Fall Term
008764,1196778,2016 Spring Term
008764,1236907,2016 Summer Term 1
008764,1315858,2016 Summer Term 2
008764,1196778,2016 Fall Term
008764,1196778,2017 Spring Term
008764,1236907,2017 Summer Term 1
008764,1196778,2017 Summer Term 2
008764,1863079,2017 Fall Term
008764,2428823,2018 Spring Term
008764,1236907,2018 Summer Term 1
008764,1196778,2018 Summer Term 2
008764,2428823,2018 Fall Term
008764,2428823,2019 Spring Term
008768,1927281,2012 Summer Term 1
008768,0602440,2012 Fall Term
008768,1458249,2013 Spring Term
008768,1078225,2013 Summer Term 1
008768,1927281,2013 Summer Term 2
008768,0228675,2013 Fall Term
008768,0227452,2014 Spring Term
008768,0602440,2014 Fall Term
008768,0227452,2015 Spring Term
008768,0228675,2015 Fall Term
008768,0379209,2016 Spring Term
008768,1927281,2016 Summer Term 1
008768,0227452,2016 Fall Term
008768,0602440,2017 Spring Term
008768,2363336,2017 Summer Term 1
008768,0228675,2017 Fall Term
008768,1169707,2018 Spring Term
008768,1288487,2018 Summer Term 1
008768,0602440,2018 Fall Term
008768,0227452,2019 Spring Term
008769,1863079,2012 Fall Term
008769,2108122,2013 Spring Term
008769,2108122,2013 Fall Term
008769,2108122,2014 Spring Term
008769,1863079,2014 Fall Term
008769,2108122,2015 Spring Term
008769,2006175,2015 Summer Term 1
008769,1863079,2016 Spring Term
008769,1863079,2017 Spring Term
008769,2299294,2018 Spring Term
008769,2352903,2019 Spring Term
008801,0462354,2012 Summer Term 2
008801,1367607,2012 Fall Term
008801,1057638,2013 Spring Term
008801,1999166,2013 Summer Term 1
008801,1999166,2013 Summer Term 2
008801,1367607,2013 Fall Term
008801,1196778,2014 Spring Term
008801,1932166,2014 Summer Term 1
008801,1323200,2014 Summer Term 2
008801,1367607,2014 Fall Term
008801,1057638,2015 Spring Term
008801,1840137,2015 Summer Term 1
008764,0227732,2012 Fall Term
008764,0565259,2013 Spring Term
008764,0227732,2013 Fall Term
008764,0565259,2014 Spring Term
008764,1889110,2014 Summer Term 2
008764,0227732,2014 Fall Term
008764,0565259,2015 Spring Term
008764,1936407,2015 Summer Term 2
008764,0227732,2015 Fall Term
008764,1196778,2016 Spring Term
008764,1236907,2016 Summer Term 1
008764,1315858,2016 Summer Term 2
008764,1196778,2016 Fall Term
008764,1196778,2017 Spring Term
008764,1236907,2017 Summer Term 1
008764,1196778,2017 Summer Term 2
008764,1863079,2017 Fall Term
008764,2428823,2018 Spring Term
008764,1236907,2018 Summer Term 1
008764,1196778,2018 Summer Term 2
008764,2428823,2018 Fall Term
008764,2428823,2019 Spring Term
008768,1927281,2012 Summer Term 1
008768,0602440,2012 Fall Term
008768,1458249,2013 Spring Term
008768,1078225,2013 Summer Term 1
008768,1927281,2013 Summer Term 2
008768,0228675,2013 Fall Term
008768,0227452,2014 Spring Term
008768,0602440,2014 Fall Term
008768,0227452,2015 Spring Term
008768,0228675,2015 Fall Term
008768,0379209,2016 Spring Term
008768,1927281,2016 Summer Term 1
008768,0227452,2016 Fall Term
008768,0602440,2017 Spring Term
008768,2363336,2017 Summer Term 1
008768,0228675,2017 Fall Term
008768,1169707,2018 Spring Term
008768,1288487,2018 Summer Term 1
008768,0602440,2018 Fall Term
008768,0227452,2019 Spring Term
008769,1863079,2012 Fall Term
008769,2108122,2013 Spring Term
008769,2108122,2013 Fall Term
008769,2108122,2014 Spring Term
008769,1863079,2014 Fall Term
008769,2108122,2015 Spring Term
008769,2006175,2015 Summer Term 1
008769,1863079,2016 Spring Term
008769,1863079,2017 Spring Term
008769,2299294,2018 Spring Term
008769,2352903,2019 Spring Term
008801,0462354,2012 Summer Term 2
008801,1367607,2012 Fall Term
008801,1057638,2013 Spring Term
008801,1999166,2013 Summer Term 1
008801,1999166,2013 Summer Term 2
008801,1367607,2013 Fall Term
008801,1196778,2014 Spring Term
008801,1932166,2014 Summer Term 1
008801,1323200,2014 Summer Term 2
008801,1367607,2014 Fall Term
008801,1057638,2015 Spring Term
008801,1840137,2015 Summer Term 1
008801,1999166,2015 Summer Term 2
008801,1367607,2015 Fall Term
008801,1196778,2016 Spring Term
008801,1999166,2016 Summer Term 1
008801,1999166,2016 Summer Term 2
008801,1367607,2016 Fall Term
008801,1196778,2017 Spring Term
008801,1999166,2017 Summer Term 2
008801,1367607,2017 Fall Term
008801,1869294,2018 Spring Term
008801,1718562,2018 Summer Term 1
008801,1196778,2018 Summer Term 2
008801,1367607,2018 Fall Term
008801,1869294,2019 Spring Term
008805,1825681,2012 Summer Term 1
008805,0709713,2012 Fall Term
008805,0388189,2013 Spring Term
008805,1874225,2013 Summer Term 1
008805,1377894,2013 Summer Term 2
008805,0397504,2013 Fall Term
008805,0709713,2014 Spring Term
008805,1934678,2014 Summer Term 2
008805,0709713,2014 Fall Term
008805,0709713,2015 Spring Term
008805,1038986,2015 Summer Term 1
008805,1119201,2015 Summer Term 2
008805,0397504,2015 Fall Term
008805,0709713,2016 Spring Term
008805,1710561,2016 Summer Term 2
008805,0709713,2016 Fall Term
008805,0397504,2017 Spring Term
008805,2124181,2017 Summer Term 2
008805,0397504,2017 Fall Term
008805,0709713,2018 Spring Term
008805,2124181,2018 Summer Term 2
008805,0397504,2018 Fall Term
008805,0709713,2019 Spring Term
008767,0565259,2012 Summer Term 2
008767,0565259,2012 Fall Term
008767,0773069,2013 Spring Term
008767,0565259,2013 Fall Term
008767,0773069,2014 Spring Term
008767,0565259,2014 Fall Term
008767,0773069,2015 Spring Term
008767,0565259,2015 Summer Term 2
008767,0565259,2015 Fall Term
008767,0773069,2016 Spring Term
008767,1233633,2016 Summer Term 2
008767,0565259,2016 Fall Term
008767,0565259,2017 Fall Term
008767,0773069,2018 Spring Term
008767,0565259,2018 Summer Term 2
008767,0565259,2018 Fall Term
008767,0773069,2019 Spring Term
024135,0814284,2016 Fall Term
024135,0814284,2017 Spring Term
024135,0814284,2017 Fall Term
024135,0814284,2018 Fall Term
024408,0227120,2017 Spring Term
024408,2430275,2018 Spring Term
023638,0399717,2015 Fall Term
023638,0399717,2016 Fall Term
023638,0399717,2017 Fall Term
023638,0399717,2018 Spring Term
023638,1084811,2018 Fall Term
014842,1355596,2016 Fall Term
014842,1355596,2017 Fall Term
014842,1355596,2018 Fall Term
007212,0227759,2012 Fall Term
007212,0227759,2013 Fall Term
007212,0227759,2014 Fall Term
009825,1836776,2012 Summer Term 1
009825,1876003,2012 Summer Term 2
009825,1786977,2012 Fall Term
009825,1975447,2013 Spring Term
009825,1876003,2013 Summer Term 1
009825,1836776,2013 Summer Term 2
009825,1786977,2013 Fall Term
009825,1786977,2014 Spring Term
009825,2006225,2014 Summer Term 2
009825,1786977,2014 Fall Term
008764,0227732,2012 Fall Term
008764,0565259,2013 Spring Term
008764,0227732,2013 Fall Term
008764,0565259,2014 Spring Term
008764,1889110,2014 Summer Term 2
008764,0227732,2014 Fall Term
008764,0565259,2015 Spring Term
008764,1936407,2015 Summer Term 2
008764,0227732,2015 Fall Term
008764,1196778,2016 Spring Term
008764,1236907,2016 Summer Term 1
008764,1315858,2016 Summer Term 2
008764,1196778,2016 Fall Term
008764,1196778,2017 Spring Term
008764,1236907,2017 Summer Term 1
008764,1196778,2017 Summer Term 2
008764,1863079,2017 Fall Term
008764,2428823,2018 Spring Term
008764,1236907,2018 Summer Term 1
008764,1196778,2018 Summer Term 2
008764,2428823,2018 Fall Term
008764,2428823,2019 Spring Term
008768,1927281,2012 Summer Term 1
008768,0602440,2012 Fall Term
008768,1458249,2013 Spring Term
008768,1078225,2013 Summer Term 1
008768,1927281,2013 Summer Term 2
008768,0228675,2013 Fall Term
008768,0227452,2014 Spring Term
008768,0602440,2014 Fall Term
008768,0227452,2015 Spring Term
008768,0228675,2015 Fall Term
008768,0379209,2016 Spring Term
008768,1927281,2016 Summer Term 1
008768,0227452,2016 Fall Term
008768,0602440,2017 Spring Term
008768,2363336,2017 Summer Term 1
008768,0228675,2017 Fall Term
008768,1169707,2018 Spring Term
008768,1288487,2018 Summer Term 1
008768,0602440,2018 Fall Term
008768,0227452,2019 Spring Term
008769,1863079,2012 Fall Term
008769,2108122,2013 Spring Term
008769,2108122,2013 Fall Term
008769,2108122,2014 Spring Term
008769,1863079,2014 Fall Term
008769,2108122,2015 Spring Term
008769,2006175,2015 Summer Term 1
008769,1863079,2016 Spring Term
008769,1863079,2017 Spring Term
008769,2299294,2018 Spring Term
008769,2352903,2019 Spring Term
008801,0462354,2012 Summer Term 2
008801,1367607,2012 Fall Term
008801,1057638,2013 Spring Term
008801,1999166,2013 Summer Term 1
008801,1999166,2013 Summer Term 2
008801,1367607,2013 Fall Term
008801,1196778,2014 Spring Term
008801,1932166,2014 Summer Term 1
008801,1323200,2014 Summer Term 2
008801,1367607,2014 Fall Term
008801,1057638,2015 Spring Term
008801,1840137,2015 Summer Term 1
008801,1999166,2015 Summer Term 2
008801,1367607,2015 Fall Term
008801,1196778,2016 Spring Term
008801,1999166,2016 Summer Term 1
008801,1999166,2016 Summer Term 2
008801,1367607,2016 Fall Term
008801,1196778,2017 Spring Term
008801,1999166,2017 Summer Term 2
008801,1367607,2017 Fall Term
008801,1869294,2018 Spring Term
008801,1718562,2018 Summer Term 1
008801,1196778,2018 Summer Term 2
008801,1367607,2018 Fall Term
008801,1869294,2019 Spring Term
008805,1825681,2012 Summer Term 1
008805,0709713,2012 Fall Term
008805,0388189,2013 Spring Term
008805,1874225,2013 Summer Term 1
008805,1377894,2013 Summer Term 2
008805,0397504,2013 Fall Term
008805,0709713,2014 Spring Term
008805,1934678,2014 Summer Term 2
008805,0709713,2014 Fall Term
008805,0709713,2015 Spring Term
008805,1038986,2015 Summer Term 1
008805,1119201,2015 Summer Term 2
008805,0397504,2015 Fall Term
008805,0709713,2016 Spring Term
008805,1710561,2016 Summer Term 2
008805,0709713,2016 Fall Term
008805,0397504,2017 Spring Term
008805,2124181,2017 Summer Term 2
008805,0397504,2017 Fall Term
008805,0709713,2018 Spring Term
008805,2124181,2018 Summer Term 2
008805,0397504,2018 Fall Term
008805,0709713,2019 Spring Term
008767,0565259,2012 Summer Term 2
008767,0565259,2012 Fall Term
008767,0773069,2013 Spring Term
008767,0565259,2013 Fall Term
008767,0773069,2014 Spring Term
008767,0565259,2014 Fall Term
008767,0773069,2015 Spring Term
008767,0565259,2015 Summer Term 2
008767,0565259,2015 Fall Term
008767,0773069,2016 Spring Term
008767,1233633,2016 Summer Term 2
008767,0565259,2016 Fall Term
008767,0565259,2017 Fall Term
008767,0773069,2018 Spring Term
008767,0565259,2018 Summer Term 2
008767,0565259,2018 Fall Term
008767,0773069,2019 Spring Term
024135,0814284,2016 Fall Term
024135,0814284,2017 Spring Term
024135,0814284,2017 Fall Term
024135,0814284,2018 Fall Term
024408,0227120,2017 Spring Term
024408,2430275,2018 Spring Term
023638,0399717,2015 Fall Term
023638,0399717,2016 Fall Term
023638,0399717,2017 Fall Term
023638,0399717,2018 Spring Term
023638,1084811,2018 Fall Term
014842,1355596,2016 Fall Term
014842,1355596,2017 Fall Term
014842,1355596,2018 Fall Term
007212,0227759,2012 Fall Term
007212,0227759,2013 Fall Term
007212,0227759,2014 Fall Term
009825,1836776,2012 Summer Term 1
009825,1876003,2012 Summer Term 2
009825,1786977,2012 Fall Term
009825,1975447,2013 Spring Term
009825,1876003,2013 Summer Term 1
009825,1836776,2013 Summer Term 2
009825,1786977,2013 Fall Term
009825,1786977,2014 Spring Term
009825,2006225,2014 Summer Term 2
009825,1786977,2014 Fall Term
009825,1786977,2015 Spring Term
009825,1999166,2015 Summer Term 1
009825,1710561,2015 Summer Term 2
009825,1786977,2015 Fall Term
009825,1786977,2016 Spring Term
009825,2006225,2016 Summer Term 1
009825,1999166,2016 Summer Term 2
009825,1786977,2016 Fall Term
009825,1786977,2017 Spring Term
009825,2106987,2017 Summer Term 1
009825,2188301,2017 Summer Term 2
009825,1786977,2017 Fall Term
009825,2379486,2018 Spring Term
009825,2188301,2018 Summer Term 1
009825,0538127,2018 Fall Term
009825,2379486,2019 Spring Term
008776,1940090,2012 Summer Term 2
008776,0227732,2012 Fall Term
008776,1171302,2013 Spring Term
008776,1940090,2013 Summer Term 1
008776,1576998,2013 Summer Term 2
008776,0227732,2013 Fall Term
008776,1171302,2014 Spring Term
008776,1078225,2014 Summer Term 1
008776,0227732,2014 Fall Term
008776,1171302,2015 Spring Term
008776,1940090,2015 Summer Term 1
008776,0227732,2015 Fall Term
008776,2279993,2016 Spring Term
008776,2279993,2016 Fall Term
008776,1171302,2017 Spring Term
008776,2059587,2017 Summer Term 1
008776,0402649,2017 Fall Term
008776,0842373,2018 Spring Term
008776,2247076,2018 Summer Term 1
008776,1718562,2018 Summer Term 2
025339,2279993,2018 Fall Term
025339,0842373,2019 Spring Term
008778,1863079,2012 Summer Term 1
008778,0227452,2012 Summer Term 2
008778,0538127,2012 Fall Term
008778,0489254,2013 Spring Term
008778,0709713,2013 Summer Term 1
008778,0709713,2013 Summer Term 2
008778,0402649,2013 Fall Term
008778,1057638,2014 Spring Term
008778,0709713,2014 Summer Term 1
008778,0709713,2014 Summer Term 2
008778,0709713,2014 Fall Term
008778,1098568,2015 Spring Term
008778,0227697,2015 Summer Term 1
008778,0709713,2015 Summer Term 2
008778,1098568,2015 Fall Term
008778,1057638,2016 Spring Term
008778,1863079,2016 Summer Term 2
008778,0709713,2016 Fall Term
008778,0402649,2017 Spring Term
008778,1869294,2017 Summer Term 1
008778,1869294,2017 Summer Term 2
008778,1863079,2017 Fall Term
008778,1613424,2018 Spring Term
008778,0399180,2018 Summer Term 1
008778,1869294,2018 Summer Term 2
008778,1882206,2018 Fall Term
008778,1863079,2019 Spring Term
012993,0228910,2013 Spring Term
012993,0228910,2014 Spring Term
012993,1355596,2014 Fall Term
012993,1355596,2015 Spring Term
012993,1355596,2015 Fall Term
008791,0229132,2015 Fall Term
008791,0229132,2017 Fall Term
008790,0227976,2012 Fall Term
008790,0227976,2014 Fall Term
008790,0227976,2016 Fall Term
008790,0227976,2017 Fall Term
008790,0227976,2018 Fall Term
021361,0392215,2012 Fall Term
021361,0392215,2013 Fall Term
021361,0392215,2016 Spring Term
021361,0392215,2017 Spring Term
021361,0392215,2018 Spring Term
021825,1007387,2013 Spring Term
021825,1007387,2013 Fall Term
021825,1007387,2014 Spring Term
021825,1007387,2014 Fall Term
021825,1007387,2015 Spring Term
021825,1007387,2015 Fall Term
021825,1007387,2016 Spring Term
021825,1007387,2016 Fall Term
021825,1007387,2017 Spring Term
021825,1007387,2017 Fall Term
021825,1007387,2018 Spring Term
021825,1007387,2018 Fall Term
021825,1007387,2019 Spring Term
020149,0538127,2012 Fall Term
020149,0538127,2013 Fall Term
020149,0538127,2014 Fall Term
020149,0538127,2015 Fall Term
020149,0538127,2017 Spring Term
020149,0538127,2017 Fall Term
020149,2504588,2019 Spring Term
020149,0538127,2012 Fall Term
020149,0538127,2013 Fall Term
020149,0538127,2014 Fall Term
020149,0538127,2015 Fall Term
020149,0538127,2017 Spring Term
020149,0538127,2017 Fall Term
020149,2504588,2019 Spring Term
023562,0565259,2015 Fall Term
023562,1661736,2016 Fall Term
023562,1661736,2017 Fall Term
023562,1661736,2018 Summer Term 2
023562,1661736,2018 Fall Term
008785,0842373,2012 Fall Term
008785,2108122,2013 Summer Term 2
008785,0842373,2014 Spring Term
008785,2108122,2014 Summer Term 2
008785,2108122,2015 Summer Term 2
008785,0842373,2018 Spring Term
008799,1613424,2012 Fall Term
008799,1613424,2013 Fall Term
008799,1488007,2014 Summer Term 2
008799,1613424,2014 Fall Term
008799,1613424,2015 Fall Term
008799,1613424,2016 Fall Term
008799,1613424,2017 Fall Term
008799,1613424,2018 Fall Term
024421,1869294,2017 Spring Term
024421,1869294,2018 Fall Term
008395,1402926,2013 Fall Term
008395,1402926,2015 Fall Term
008395,1402926,2016 Fall Term
008395,1402926,2018 Spring Term
008395,1402926,2018 Fall Term
022838,1670806,2014 Fall Term
022838,0773069,2015 Fall Term
022838,0773069,2016 Fall Term
022838,1670806,2017 Fall Term
022838,1670806,2018 Fall Term
025025,0228559,2018 Spring Term
025025,0228559,2019 Spring Term
005027,0227697,2013 Spring Term
005027,0227697,2014 Spring Term
005027,0227697,2015 Spring Term
005027,0227697,2016 Spring Term
005027,0227697,2017 Spring Term
005027,0227697,2018 Spring Term
005027,0227697,2019 Spring Term
008828,0227732,2013 Spring Term
008828,0227732,2014 Spring Term
008828,0227732,2015 Spring Term
008828,0227732,2016 Spring Term
008828,0402648,2016 Summer Term 2
008828,0227732,2017 Spring Term
008828,0402648,2017 Summer Term 2
003519,0228203,2012 Summer Term 1
003519,0228203,2012 Fall Term
003519,0228203,2013 Spring Term
003519,0228203,2013 Summer Term 1
003519,0228203,2013 Fall Term
003519,0228203,2014 Spring Term
003519,0228203,2014 Summer Term 1
003519,0228203,2014 Fall Term
003519,0228203,2015 Spring Term
003519,1057050,2015 Summer Term 1
003519,0228203,2015 Fall Term
003519,0228203,2016 Spring Term
003519,1057050,2016 Summer Term 1
003519,1057050,2016 Summer Term 2
003519,0228203,2016 Fall Term
003519,0228203,2017 Spring Term
003519,1057050,2017 Summer Term 2
003519,0228203,2017 Fall Term
003519,2414444,2018 Spring Term
003519,1057050,2018 Summer Term 1
003519,1057050,2018 Summer Term 2
003519,0228203,2018 Fall Term
003519,0228203,2019 Spring Term
008784,1169707,2012 Fall Term
008784,1169707,2014 Spring Term
008784,1169707,2016 Spring Term
008784,1169707,2019 Spring Term
008809,0228747,2012 Fall Term
008809,0228747,2013 Fall Term
008809,0228747,2014 Fall Term
008809,0228747,2015 Fall Term
008809,0228747,2016 Fall Term
008809,0228747,2017 Fall Term
008809,0228747,2018 Fall Term
018842,1848261,2014 Spring Term
018842,1848261,2016 Spring Term
018842,1848261,2017 Spring Term
018842,1848261,2018 Spring Term
018842,1848261,2019 Spring Term
008824,0227452,2016 Spring Term
008824,0227452,2018 Spring Term
008824,2299294,2019 Spring Term
008794,0943293,2012 Summer Term 1
008794,0402658,2012 Fall Term
008794,1919388,2014 Spring Term
008794,1877789,2014 Summer Term 1
008794,0402658,2015 Spring Term
008794,2230276,2015 Summer Term 2
008794,1919388,2016 Spring Term
008794,1878001,2016 Fall Term
008794,1878001,2017 Spring Term
008794,2372254,2017 Summer Term 2
008794,1919388,2017 Fall Term
008794,1878001,2018 Summer Term 1
025349,1919388,2018 Fall Term
025349,2224287,2019 Spring Term
008820,0400146,2012 Fall Term
008820,0400146,2013 Fall Term
008820,0400146,2014 Fall Term
008820,1773930,2015 Summer Term 2
008820,0400146,2015 Fall Term
008820,0400146,2016 Fall Term
008820,0400146,2017 Fall Term
008820,0400146,2018 Fall Term
008814,0228289,2018 Spring Term
008814,0228289,2018 Fall Term
007789,1432892,2012 Summer Term 1
007789,0228049,2013 Spring Term
007789,0228049,2014 Spring Term
007789,2157462,2014 Summer Term 2
007789,0228049,2015 Spring Term
007789,0228049,2016 Spring Term
007789,0228049,2017 Spring Term
007789,0228049,2018 Spring Term
007789,0228049,2019 Spring Term
008825,0228289,2012 Fall Term
008825,0228289,2013 Fall Term
008825,1786315,2014 Spring Term
008825,0228289,2014 Fall Term
008825,0228289,2015 Fall Term
008825,0228289,2016 Fall Term
008825,2115763,2017 Summer Term 2
008825,2115763,2017 Fall Term
008825,2115763,2018 Fall Term
008827,1661723,2013 Spring Term
008827,1661723,2013 Fall Term
008827,1661723,2014 Fall Term
008827,1661723,2015 Summer Term 2
008827,0603644,2015 Fall Term
008827,1661723,2016 Fall Term
008827,1661723,2017 Fall Term
008827,1661723,2018 Fall Term
020495,1913469,2012 Fall Term
020495,1913469,2013 Fall Term
020495,1913469,2014 Fall Term
020495,1913469,2015 Fall Term
020495,1913469,2016 Fall Term
020495,1913469,2017 Fall Term
020495,1913469,2018 Fall Term
020466,0400146,2013 Spring Term
020466,0400146,2014 Spring Term
020466,1935908,2015 Spring Term
020466,0400146,2016 Spring Term
020466,0400146,2017 Spring Term
020466,1935908,2018 Spring Term
020466,0400146,2019 Spring Term
020075,1786315,2012 Fall Term
020075,1786315,2014 Fall Term
020496,0402658,2013 Spring Term
020496,0402658,2019 Spring Term
020496,0402658,2013 Spring Term
020496,0402658,2019 Spring Term
021824,0565259,2013 Spring Term
021824,0565259,2015 Spring Term
021824,0565259,2016 Spring Term
021824,0565259,2017 Spring Term
021824,0565259,2018 Spring Term
021824,0565259,2019 Spring Term
024114,0228557,2016 Fall Term
024114,0228557,2017 Fall Term
024114,0228557,2018 Fall Term
008925,0568767,2013 Fall Term
008925,0568767,2014 Fall Term
008925,0568767,2015 Fall Term
008925,0568767,2017 Fall Term
008925,0568767,2018 Fall Term
008933,0227732,2012 Fall Term
008933,0227732,2013 Spring Term
008933,0227732,2013 Fall Term
008933,0227732,2014 Spring Term
008933,0227732,2014 Fall Term
008933,0227732,2015 Spring Term
008933,0227732,2015 Fall Term
008933,0227732,2016 Spring Term
008933,2352903,2016 Fall Term
008933,2352903,2017 Fall Term
008936,1057638,2012 Fall Term
008936,1196778,2013 Spring Term
008936,0842373,2014 Spring Term
008936,1196778,2015 Spring Term
008936,1057638,2016 Spring Term
008936,0842373,2017 Spring Term
008936,1196778,2018 Spring Term
008930,1728797,2014 Spring Term
008930,1728797,2019 Spring Term
014606,0842373,2013 Spring Term
014606,0842373,2015 Spring Term
014606,0842373,2016 Spring Term
020499,1773930,2013 Spring Term
020499,1773930,2014 Spring Term
020499,1773930,2015 Spring Term
020499,1773930,2016 Spring Term
020499,2115763,2016 Fall Term
020499,2115763,2018 Spring Term
020499,2115763,2019 Spring Term
008859,0227976,2013 Fall Term
008859,0227976,2015 Fall Term
017414,1828888,2012 Summer Term 2
017414,1828888,2013 Summer Term 2
017414,2279993,2015 Fall Term
017414,2279993,2017 Spring Term
008858,1728466,2013 Spring Term
008858,1728466,2014 Spring Term
008858,1728466,2015 Spring Term
008858,1728466,2016 Spring Term
008858,1728466,2016 Fall Term
008858,1728466,2019 Spring Term
023210,1367607,2015 Spring Term
023210,1367607,2016 Spring Term
023210,1367607,2017 Spring Term
023210,1367607,2018 Spring Term
023210,1367607,2019 Spring Term
008819,0402649,2013 Spring Term
008819,0402649,2014 Spring Term
008819,0402649,2015 Spring Term
008819,0402649,2016 Spring Term
008819,0402649,2016 Fall Term
008819,0402649,2018 Spring Term
025075,0402441,2018 Summer Term 1
025075,0402441,2018 Summer Term 2
024977,2352903,2018 Spring Term
024977,2352903,2018 Fall Term
008853,2108122,2013 Spring Term
008853,2108122,2014 Spring Term
008853,2108122,2015 Spring Term
022577,0489254,2014 Spring Term
022577,0814284,2018 Spring Term
024317,2115763,2017 Spring Term
024317,2115763,2018 Spring Term
024317,2115763,2019 Spring Term
023230,0228557,2015 Spring Term
023230,0228557,2016 Spring Term
023230,0228557,2017 Spring Term
023230,0228557,2018 Spring Term
023230,0228557,2019 Spring Term
022466,0393610,2014 Spring Term
022466,0393610,2015 Spring Term
022466,2099407,2016 Spring Term
022466,2099407,2017 Spring Term
022466,2099407,2018 Spring Term
022466,2099407,2019 Spring Term
024177,0393610,2016 Summer Term 2
024177,0393610,2017 Summer Term 2
024177,0393610,2018 Summer Term 2
020039,0751386,2012 Fall Term
020039,0751386,2013 Fall Term
020039,0751386,2014 Fall Term
020039,0751386,2015 Fall Term
020039,0751386,2016 Fall Term
020039,0751386,2017 Fall Term
020039,0751386,2018 Fall Term
021304,0773069,2012 Fall Term
021304,1834905,2019 Spring Term
008886,1938740,2012 Summer Term 1
008886,0402441,2012 Summer Term 2
008886,2115763,2013 Spring Term
008886,2115763,2014 Spring Term
008886,1927281,2014 Fall Term
008886,1828888,2015 Spring Term
008886,2300744,2016 Spring Term
008886,2352903,2017 Spring Term
008886,0402441,2017 Summer Term 1
008886,0402441,2017 Summer Term 2
008886,2299294,2017 Fall Term
008886,1613424,2019 Spring Term
008919,0227452,2016 Spring Term
008919,0227452,2017 Spring Term
008919,0227452,2017 Fall Term
008919,0227452,2018 Fall Term
008940,0229047,2013 Spring Term
008940,0229047,2014 Spring Term
021810,0842373,2013 Spring Term
021810,0842373,2015 Spring Term
021810,0842373,2018 Fall Term
023902,2300742,2016 Spring Term
023902,2300742,2017 Spring Term
008800,1872208,2012 Summer Term 2
008800,1196778,2012 Fall Term
008800,0842373,2013 Spring Term
008800,2164510,2013 Summer Term 1
008800,0842373,2013 Fall Term
008800,2169344,2014 Spring Term
008800,1988434,2014 Summer Term 2
008800,2108122,2014 Fall Term
008800,2169344,2015 Spring Term
008800,1499176,2015 Summer Term 1
008800,1196778,2015 Fall Term
008800,0842373,2016 Spring Term
008800,1236907,2016 Summer Term 2
008800,1196778,2016 Fall Term
008800,2279993,2017 Spring Term
008800,1236907,2017 Summer Term 2
008800,0842373,2017 Fall Term
008800,0842373,2018 Fall Term
008800,2279993,2019 Spring Term
008829,1763019,2012 Fall Term
008829,1763019,2013 Spring Term
008829,2168728,2013 Fall Term
008829,0586503,2014 Spring Term
008829,0586503,2014 Fall Term
008829,0586503,2015 Spring Term
008829,0586503,2015 Fall Term
008829,2168728,2016 Spring Term
008829,0586503,2016 Fall Term
008829,0586503,2017 Spring Term
008829,0586503,2017 Fall Term
008829,0586503,2018 Spring Term
008829,0586503,2018 Fall Term
008829,0586503,2019 Spring Term
008860,1863079,2014 Spring Term
008860,1863079,2016 Spring Term
008860,1863079,2018 Spring Term
008860,1863079,2019 Spring Term
008847,1882206,2013 Fall Term
008847,1882206,2016 Spring Term
008847,1882206,2017 Spring Term
025032,2300384,2018 Spring Term
025032,2300384,2019 Spring Term
020150,0228675,2013 Spring Term
020150,0228675,2013 Fall Term
020150,0228675,2014 Fall Term
020150,0228675,2015 Fall Term
020150,0228675,2017 Spring Term
020150,0228675,2018 Fall Term
008952,0228675,2013 Spring Term
008952,0228675,2014 Fall Term
008952,0228675,2017 Spring Term
008952,0228675,2017 Fall Term
008952,0228675,2018 Fall Term
008861,1773930,2012 Fall Term
008861,1773930,2013 Fall Term
008861,1773930,2014 Fall Term
008861,1773930,2015 Fall Term
008861,2115763,2016 Fall Term
008861,2115763,2017 Fall Term
008861,2115763,2018 Fall Term
024713,2379486,2017 Fall Term
024713,2379486,2018 Fall Term
008954,1919388,2013 Spring Term
008954,1919388,2014 Fall Term
014982,0602440,2016 Spring Term
014982,0602440,2017 Fall Term
008845,1432892,2013 Spring Term
008845,1432892,2014 Spring Term
008845,1432892,2015 Spring Term
008845,1432892,2016 Spring Term
008845,1432892,2017 Spring Term
008866,0565259,2012 Fall Term
008866,0565259,2013 Fall Term
008855,0228941,2012 Fall Term
008855,0228941,2013 Fall Term
008855,0228941,2014 Fall Term
008855,0228941,2015 Fall Term
008855,0228941,2016 Fall Term
008855,0228941,2017 Fall Term
008855,0228941,2018 Fall Term
020040,1525035,2012 Fall Term
020040,1525035,2013 Fall Term
020040,1525035,2014 Fall Term
020040,1525035,2015 Fall Term
020040,1525035,2017 Spring Term
020040,1525035,2017 Fall Term
020040,1525035,2018 Fall Term
022463,1661723,2014 Spring Term
022463,1661723,2015 Spring Term
022463,1661723,2017 Spring Term
022463,1661723,2018 Spring Term
018490,0227400,2012 Fall Term
018490,1919388,2013 Fall Term
018490,1919388,2014 Fall Term
018490,1919388,2016 Spring Term
018490,1919388,2017 Spring Term
018490,1919388,2018 Spring Term
018490,1919388,2019 Spring Term
022544,0565259,2014 Spring Term
022544,1728797,2015 Spring Term
022544,0402658,2016 Spring Term
022544,0402658,2017 Spring Term
022544,0402658,2018 Spring Term
022544,0228289,2019 Spring Term
022156,0227120,2013 Fall Term
022156,2108156,2014 Fall Term
022156,1791807,2015 Fall Term
022156,1791807,2016 Fall Term
022156,1791807,2017 Fall Term
022156,1791807,2018 Fall Term
025279,1429437,2018 Spring Term
022156,0227120,2013 Fall Term
022156,2108156,2014 Fall Term
022156,1791807,2015 Fall Term
022156,1791807,2016 Fall Term
022156,1791807,2017 Fall Term
022156,1791807,2018 Fall Term
025279,1429437,2018 Spring Term
025279,1429437,2019 Spring Term
008051,0403104,2012 Fall Term
008051,1930546,2013 Spring Term
008051,0846903,2013 Fall Term
008051,0403104,2014 Spring Term
008051,0228238,2014 Fall Term
008051,1930546,2015 Spring Term
008051,1930546,2015 Fall Term
008051,0228238,2016 Spring Term
008051,0228238,2016 Fall Term
008051,1121881,2017 Spring Term
008051,1064048,2017 Fall Term
008051,1121881,2018 Spring Term
008051,1930546,2018 Fall Term
008051,1064048,2019 Spring Term
022168,1572005,2013 Fall Term
022168,1572005,2015 Spring Term
022168,1572005,2016 Spring Term
022168,1572005,2017 Spring Term
022168,1572005,2013 Fall Term
022168,1572005,2015 Spring Term
022168,1572005,2016 Spring Term
022168,1572005,2017 Spring Term
023139,1724402,2014 Fall Term
023139,1936411,2015 Fall Term
023954,1329322,2016 Spring Term
023954,1329322,2017 Spring Term
023954,1329322,2018 Spring Term
023954,1329322,2019 Spring Term
015334,0799457,2012 Fall Term
015334,1973702,2013 Spring Term
015334,0799457,2013 Fall Term
015334,1973702,2014 Spring Term
015334,0799457,2014 Fall Term
015334,0799457,2015 Fall Term
015334,1973702,2016 Fall Term
015334,2386508,2017 Spring Term
015334,2386508,2017 Fall Term
015334,2386508,2018 Spring Term
015334,2386508,2018 Fall Term
015334,2386508,2019 Spring Term
015334,0799457,2012 Fall Term
015334,1973702,2013 Spring Term
015334,0799457,2013 Fall Term
015334,1973702,2014 Spring Term
015334,0799457,2014 Fall Term
015334,0799457,2015 Fall Term
015334,1973702,2016 Fall Term
015334,2386508,2017 Spring Term
015334,2386508,2017 Fall Term
015334,2386508,2018 Spring Term
015334,2386508,2018 Fall Term
015334,2386508,2019 Spring Term
008337,0227731,2012 Fall Term
008337,2107826,2013 Spring Term
008337,0227570,2013 Fall Term
008337,0227570,2014 Fall Term
008337,0227731,2015 Fall Term
008337,0227570,2017 Fall Term
008337,0227570,2018 Fall Term
024646,2360875,2017 Fall Term
024646,2360875,2018 Fall Term
008062,0961319,2012 Fall Term
008062,0961319,2013 Spring Term
008062,0961319,2013 Fall Term
008062,0961319,2014 Spring Term
008062,0961319,2014 Fall Term
008062,0961319,2015 Spring Term
008062,0961319,2015 Summer Term 1
008062,0961319,2015 Fall Term
008062,0961319,2016 Spring Term
008062,0961319,2016 Summer Term 1
008062,0961319,2016 Fall Term
008062,0961319,2017 Spring Term
008062,0961319,2017 Fall Term
008062,0961319,2018 Spring Term
008062,0961319,2018 Fall Term
008062,0961319,2019 Spring Term
020070,0228240,2013 Spring Term
020070,0228240,2014 Spring Term
020070,0228240,2017 Spring Term
020070,0228240,2019 Spring Term
023658,1851393,2017 Fall Term
023658,1851393,2019 Spring Term
023214,1049204,2015 Spring Term
023214,1049204,2017 Fall Term
008054,0388263,2013 Summer Term 1
008054,0388263,2014 Summer Term 1
008054,0388263,2014 Summer Term 2
008054,0388263,2014 Fall Term
008054,0388263,2015 Spring Term
008054,0388263,2015 Summer Term 1
008054,0388263,2015 Summer Term 2
008054,0388263,2015 Fall Term
008054,0388263,2016 Spring Term
008054,0388263,2016 Summer Term 1
008054,0388263,2016 Summer Term 2
008054,0388263,2016 Fall Term
008054,0388263,2017 Spring Term
008054,0388263,2017 Summer Term 1
008054,0388263,2017 Summer Term 2
008054,0388263,2017 Fall Term
008054,0388263,2018 Spring Term
008054,0388263,2018 Summer Term 1
008054,0388263,2018 Fall Term
008054,0388263,2019 Spring Term
023540,0227666,2015 Fall Term
023540,0227666,2016 Fall Term
023540,0227666,2017 Fall Term
023540,0227666,2018 Fall Term
021550,1728808,2012 Fall Term
021550,1728808,2016 Fall Term
022130,1432892,2013 Fall Term
022130,1432892,2014 Fall Term
022130,1432892,2016 Fall Term
022130,1432892,2017 Fall Term
022130,1432892,2018 Fall Term
023539,1728808,2015 Fall Term
023539,1728808,2017 Fall Term
023539,1728808,2018 Fall Term
023561,0228508,2015 Fall Term
023561,0228508,2016 Fall Term
023561,0228508,2017 Fall Term
023561,0228508,2018 Fall Term
018094,0490245,2012 Fall Term
018094,0490245,2013 Fall Term
018094,0490245,2014 Fall Term
018094,0490245,2015 Fall Term
018094,0228514,2016 Fall Term
018094,1451499,2017 Fall Term
018094,1451499,2018 Fall Term
008342,1615324,2012 Fall Term
008342,0399180,2013 Fall Term
008342,0399180,2014 Fall Term
008342,0399180,2015 Fall Term
008342,0940441,2016 Fall Term
008342,0399180,2017 Fall Term
008342,0399180,2018 Fall Term
008442,0403137,2012 Summer Term 2
008442,0403137,2013 Summer Term 2
008442,0403137,2014 Summer Term 2
008442,0403137,2015 Summer Term 2
008442,0403137,2016 Summer Term 2
008442,0403137,2017 Summer Term 2
008442,0403137,2018 Summer Term 2
023957,0228203,2016 Spring Term
023957,1854986,2017 Fall Term
023957,1854986,2018 Fall Term
000041,0228518,2013 Spring Term
000041,1049477,2013 Fall Term
000041,0228518,2015 Spring Term
000041,0228518,2017 Spring Term
000041,0228518,2018 Fall Term
000041,0228518,2019 Spring Term
020518,1964312,2013 Spring Term
020518,1964312,2014 Spring Term
020518,1964312,2016 Spring Term
020518,1964312,2017 Spring Term
020518,1964312,2018 Spring Term
020518,1964312,2019 Spring Term
024761,2305923,2017 Fall Term
024761,2305923,2018 Fall Term
017281,1615324,2012 Summer Term 1
017281,1615324,2013 Summer Term 1
017281,1615324,2014 Summer Term 1
017281,1354618,2015 Summer Term 1
017281,1862454,2016 Summer Term 1
017281,0228508,2017 Summer Term 1
017281,0228508,2018 Summer Term 1
019092,1367963,2013 Spring Term
019092,1367963,2014 Spring Term
022961,1367963,2015 Spring Term
022961,1367963,2016 Spring Term
022961,1367963,2017 Spring Term
022961,1367963,2018 Spring Term
022961,1367963,2019 Spring Term
022962,1367963,2015 Spring Term
022962,1367963,2016 Spring Term
022962,1367963,2017 Spring Term
022962,1367963,2018 Spring Term
022962,1367963,2019 Spring Term
014632,0403125,2013 Fall Term
014632,0403125,2019 Spring Term
021708,1429437,2013 Spring Term
021708,1429437,2014 Spring Term
021708,1429437,2015 Spring Term
021708,1429437,2016 Spring Term
021708,1429437,2017 Spring Term
021708,1429437,2018 Spring Term
021708,1429437,2019 Spring Term
022147,1676649,2013 Fall Term
022147,1676649,2014 Fall Term
022147,1676649,2015 Fall Term
022147,1676649,2016 Fall Term
022147,1676649,2017 Spring Term
022147,1676649,2017 Fall Term
022147,1676649,2018 Fall Term
021890,0227138,2013 Spring Term
021890,0227138,2015 Spring Term
021890,2003020,2016 Spring Term
021890,2188692,2019 Spring Term
021816,0936489,2013 Spring Term
021816,0936489,2014 Fall Term
021816,0936489,2016 Spring Term
021816,0936489,2018 Fall Term
020278,0824568,2013 Spring Term
020278,0227102,2017 Fall Term
020278,0228400,2018 Fall Term
015583,1745128,2013 Spring Term
015583,1745128,2014 Spring Term
015583,1745128,2014 Fall Term
015583,1745128,2015 Fall Term
015583,1745128,2016 Fall Term
024425,1677239,2017 Spring Term
024425,1677239,2018 Spring Term
024425,1677239,2019 Spring Term
021119,1988733,2013 Fall Term
021119,1988733,2014 Fall Term
021119,1988733,2015 Fall Term
021119,1988733,2016 Fall Term
021119,1988733,2017 Fall Term
021119,1988733,2018 Fall Term
008456,0962121,2012 Fall Term
008456,0962121,2013 Fall Term
008456,0962121,2014 Fall Term
008456,0962121,2016 Fall Term
021837,1865419,2013 Spring Term
021837,1865419,2014 Spring Term
021837,1865419,2016 Spring Term
021837,1865419,2017 Spring Term
021837,1865419,2018 Spring Term
021837,1865419,2019 Spring Term
021505,2036518,2013 Spring Term
021505,2036518,2014 Spring Term
021505,2036518,2015 Spring Term
021505,2036518,2017 Spring Term
021505,2036518,2018 Spring Term
019065,1975475,2013 Spring Term
019065,1975475,2014 Spring Term
019065,1570743,2015 Spring Term
019065,1530849,2016 Spring Term
019065,1530849,2017 Spring Term
017911,0228371,2012 Fall Term
017911,2107551,2013 Spring Term
017911,1012260,2013 Fall Term
017911,0228371,2014 Spring Term
017911,2107760,2014 Fall Term
017911,0228371,2015 Spring Term
017911,2292640,2015 Fall Term
017911,0228371,2016 Spring Term
017911,2107760,2016 Fall Term
017911,0228371,2017 Spring Term
017911,0375781,2017 Fall Term
017911,0228371,2018 Spring Term
017911,0375781,2018 Fall Term
017911,0228371,2019 Spring Term
015755,1348574,2012 Fall Term
015755,1348574,2013 Fall Term
015755,1348574,2014 Fall Term
015755,1348574,2015 Fall Term
015755,1348574,2016 Fall Term
015755,1348574,2017 Fall Term
015755,2414444,2018 Fall Term
022164,1749197,2013 Fall Term
022164,1749197,2015 Spring Term
022164,1749197,2015 Fall Term
020170,0927287,2012 Summer Term 1
020170,0927287,2013 Summer Term 1
020170,0927287,2014 Summer Term 1
020170,0927287,2015 Summer Term 1
020170,0927287,2016 Summer Term 1
020170,0927287,2017 Summer Term 1
020170,0927287,2018 Summer Term 1
023654,1244914,2015 Fall Term
023654,1244914,2018 Spring Term
024458,0228318,2017 Spring Term
024458,0228318,2018 Spring Term
024458,0228318,2019 Spring Term
022572,0228508,2014 Spring Term
022572,0228508,2015 Spring Term
022572,0228508,2016 Spring Term
022572,0228508,2018 Spring Term
021413,0228400,2012 Fall Term
021413,0228400,2013 Fall Term
021413,0228400,2014 Fall Term
021413,0228400,2015 Fall Term
021413,0228400,2016 Fall Term
021413,0228400,2017 Fall Term
021413,0228400,2018 Fall Term
023444,1847290,2015 Fall Term
023444,1847290,2016 Fall Term
023444,1847290,2017 Fall Term
023444,1847290,2018 Spring Term
023444,1847290,2018 Fall Term
023908,2099407,2016 Fall Term
023908,2099407,2017 Fall Term
023908,2099407,2018 Fall Term
008081,2052275,2012 Fall Term
008081,2052275,2014 Spring Term
008086,0227203,2013 Spring Term
008086,0403977,2013 Fall Term
008086,0227203,2014 Spring Term
008086,0403977,2014 Fall Term
008086,0227203,2015 Spring Term
008086,0403977,2015 Fall Term
008086,0403977,2016 Fall Term
008086,2395347,2018 Fall Term
021672,1429437,2013 Spring Term
021672,1429437,2014 Spring Term
021672,1429437,2015 Spring Term
021672,1429437,2016 Spring Term
021672,1429437,2017 Spring Term
021672,1429437,2018 Spring Term
021672,1429437,2019 Spring Term
019068,0227203,2013 Spring Term
019068,0227203,2014 Spring Term
019068,0227203,2015 Spring Term
019068,0227203,2016 Spring Term
019068,0227203,2017 Spring Term
019068,0936489,2019 Spring Term
008088,0227246,2012 Fall Term
008088,0227246,2013 Spring Term
008088,0227246,2013 Fall Term
008088,2230399,2014 Fall Term
008088,0227246,2015 Fall Term
008088,0227246,2017 Spring Term
008088,0227246,2017 Fall Term
008088,0227246,2018 Spring Term
008088,0227246,2018 Fall Term
008088,0227246,2019 Spring Term
018547,0228677,2012 Fall Term
018547,0227327,2013 Fall Term
018547,0228677,2014 Fall Term
013005,0403977,2013 Spring Term
013005,0403977,2014 Spring Term
013005,0403977,2015 Spring Term
013005,0403977,2016 Spring Term
013005,0227203,2017 Spring Term
013841,0227246,2013 Spring Term
013841,0227246,2014 Fall Term
013841,0227246,2015 Fall Term
013841,0227246,2016 Fall Term
023653,0572758,2015 Fall Term
023653,0572758,2016 Fall Term
023653,0572758,2017 Fall Term
023653,2253647,2018 Fall Term
023653,2253647,2019 Spring Term
024414,0227666,2017 Spring Term
024414,0227666,2018 Spring Term
008092,1331098,2012 Fall Term
008092,0948937,2013 Spring Term
008092,1331098,2014 Spring Term
008092,0804854,2015 Spring Term
008092,0804854,2016 Spring Term
008092,0804854,2017 Spring Term
008092,2449839,2018 Spring Term
008092,0804854,2019 Spring Term
005189,0936489,2012 Fall Term
005189,1875870,2015 Spring Term
005189,0936489,2017 Spring Term
005189,1875870,2019 Spring Term
019016,1451489,2013 Fall Term
019016,1451489,2016 Spring Term
019016,1451489,2016 Fall Term
019016,1451489,2018 Fall Term
018741,0728597,2013 Spring Term
018741,0396986,2014 Spring Term
018741,2039611,2015 Spring Term
018741,2039611,2016 Spring Term
018741,0732236,2017 Spring Term
018741,0732236,2018 Spring Term
018741,0732236,2019 Spring Term
017491,0228441,2012 Fall Term
017491,0228441,2013 Fall Term
017491,1888697,2014 Fall Term
017491,2293799,2015 Fall Term
017491,2293799,2016 Fall Term
017491,2293799,2017 Fall Term
017491,2293799,2018 Fall Term
023228,1923145,2015 Spring Term
023228,1923145,2016 Fall Term
024105,0041058,2017 Spring Term
024105,0041058,2018 Spring Term
024105,0041058,2019 Spring Term
022548,0228508,2014 Spring Term
022548,0228508,2014 Fall Term
022548,0228508,2015 Spring Term
022548,0228508,2015 Fall Term
022548,0228508,2016 Fall Term
022548,0228508,2018 Fall Term
022239,1049477,2013 Fall Term
022239,1049477,2014 Fall Term
022239,1049477,2015 Fall Term
022239,1049477,2016 Fall Term
022239,2232150,2017 Fall Term
022239,1049477,2018 Fall Term
003324,0400100,2012 Fall Term
003324,2166092,2016 Spring Term
003324,2166092,2017 Spring Term
003324,2166092,2018 Spring Term
003339,2224359,2014 Fall Term
003339,2224359,2018 Fall Term
008150,0970898,2012 Fall Term
008150,1676649,2013 Spring Term
008150,1017167,2013 Summer Term 1
008150,0970898,2013 Fall Term
008150,0288420,2014 Spring Term
008150,0400149,2014 Fall Term
008150,2232170,2015 Spring Term
008150,1017167,2015 Summer Term 2
008150,0939256,2015 Fall Term
008150,2232170,2016 Spring Term
008150,0939256,2016 Fall Term
008150,1064048,2017 Spring Term
008150,0228030,2017 Fall Term
008150,1064048,2018 Spring Term
008150,0228030,2018 Fall Term
008150,1744312,2019 Spring Term
008151,1825806,2012 Summer Term 2
008151,0814654,2012 Fall Term
008151,1863656,2013 Spring Term
008151,1825806,2013 Summer Term 1
008151,1825806,2013 Summer Term 2
008151,1863656,2013 Fall Term
008151,1916079,2014 Spring Term
008151,1825806,2014 Summer Term 1
008151,1825806,2014 Summer Term 2
008151,1019398,2014 Fall Term
008151,2112102,2015 Spring Term
008151,1825806,2015 Summer Term 1
008151,1825806,2015 Summer Term 2
008151,2099407,2015 Fall Term
008151,2070768,2016 Spring Term
008151,1825806,2016 Summer Term 1
008151,1825806,2016 Summer Term 2
008151,1581009,2016 Fall Term
008151,1930546,2017 Spring Term
008151,1825806,2017 Summer Term 1
008151,1825806,2017 Summer Term 2
008151,0228933,2017 Fall Term
008151,2172060,2018 Spring Term
008151,1825806,2018 Summer Term 1
008151,1825806,2018 Summer Term 2
008151,2427569,2018 Fall Term
008151,0227314,2019 Spring Term
023570,2173790,2015 Fall Term
023570,2167684,2016 Spring Term
024054,2167684,2016 Spring Term
024054,2380127,2017 Spring Term
024054,2430367,2017 Fall Term
024054,2380127,2018 Spring Term
024054,2430367,2018 Fall Term
025030,2232170,2018 Spring Term
025030,2232170,2019 Spring Term
008068,0228238,2012 Fall Term
008068,1581997,2013 Spring Term
008068,1429437,2013 Fall Term
008068,0228238,2014 Spring Term
008068,1581997,2014 Fall Term
008068,2232916,2015 Spring Term
008068,1429437,2015 Fall Term
008068,2232916,2016 Spring Term
008068,2036518,2016 Fall Term
008068,2232916,2017 Spring Term
008068,2352902,2017 Fall Term
008068,0403125,2018 Spring Term
008068,0408329,2018 Fall Term
008068,2232916,2019 Spring Term
008071,0399701,2012 Fall Term
008071,0399701,2013 Spring Term
008071,0399701,2013 Fall Term
008071,0399701,2014 Spring Term
008071,0399701,2014 Fall Term
008071,0288420,2015 Spring Term
008071,0399701,2015 Fall Term
008071,0228030,2016 Spring Term
008071,0399701,2016 Fall Term
008071,0936489,2017 Spring Term
008071,2360875,2017 Fall Term
008071,0228508,2018 Spring Term
